Workbook

Sheet P-T dataset
A1: Ref | B1: Doi | C1: Sample | D1: P (GPa) | E1: T (°C) | F1: Type | G1: Label | H1: SiO2 | I1: TiO2 | J1: Al2O3 | K1: Cr2O3 | L1: FeO | M1: MnO | N1: MgO | O1: CaO | P1: Na2O | Q1: K2O | R1: Total | S1: Oxygen | T1: Coefficient | U1: Si | V1: Ti | W1: Al | X1: Cr | Y1: Fe | Z1: Mn | AA1: Mg | AB1: Ca | AC1: Na | AD1: K | AE1: Total | AF1: Fe3+ Droop | AG1: Fe3+/Fetot Droop | AH1: Fe2+ | AI1: Si+Ti | AJ1: Ca+Mg+Fe+Mn（all Fe as Fe2+）
A2: Akaogi and Akimoto (1979) | B2: 10.1016/0031-9201(79)90088-8 | C2: S-18 | D2: 4.5 | E2: 1200 | F2: Peridotite | G2: Peridotitic | H2: 41.54 | I2: 0.4 | J2: 22.27 | K2: 0.75 | L2: 8.95 | N2: 18.3 | O2: 6.75 | R2: =SUM(H2:Q2) -> 98.96 | S2: 12 | T2: =S2/(H2*'Molecular Weight'!$C$2/'Molecular Weight'!$D$2+I2*'Molecular Weight'!$C$3/'Molecular Weight'!$D$3+J2*'Molecular Weight'!$C$4/'Molecular Weight'!$D$4+K2*'Molecular Weight'!$C$5/'Molecular Weight'!$D$5+L2*'Molecular Weight'!$C$6/'Molecular Weight'!$D$6+M2*'Molecular Weight'!$C$8/'Molecular Weight'!$D$8+N2*'Molecular Weight'!$C$9/'Molecular Weight'!$D$9+O2*'Molecular Weight'!$C$10/'Molecular Weight'!$D$10+P2*'Molecular Weight'!$C$11/'Molecular Weight'!$D$11+Q2*'Molecular Weight'!$C$12/'Molecular Weight'!$D$12) -> 4.3447777 | U2: =H2*T2*'Molecular Weight'!$B$2/'Molecular Weight'!$D$2 -> 3.0040291 | V2: =I2*T2*'Molecular Weight'!$B$3/'Molecular Weight'!$D$3 -> 0.021751078 | W2: =T2*J2*'Molecular Weight'!$B$4/'Molecular Weight'!$D$4 -> 1.8979639 | X2: =K2*T2*'Molecular Weight'!$B$5/'Molecular Weight'!$D$5 -> 0.042878917 | Y2: =L2*T2*'Molecular Weight'!$B$6/'Molecular Weight'!$D$6 -> 0.54128286 | Z2: =M2*T2*'Molecular Weight'!$B$8/'Molecular Weight'!$D$8 -> 0 | AA2: =N2*T2*'Molecular Weight'!$B$9/'Molecular Weight'!$D$9 -> 1.9729388 | AB2: =O2*T2*'Molecular Weight'!$B$10/'Molecular Weight'!$D$10 -> 0.52295381 | AC2: =P2*T2*'Molecular Weight'!$B$11/'Molecular Weight'!$D$11 -> 0 | AD2: =Q2*T2*'Molecular Weight'!$B$12/'Molecular Weight'!$D$12 -> 0 | AE2: =SUM(U2:AD2) -> 8.0037984 | AF2: =IF(IF(2*12*(1-8/AE2)<0,0,2*12*(1-8/AE2))<Y2,IF(2*12*(1-8/AE2)<0,0,2*12*(1-8/AE2)),Y2) -> 0.011389879 | AG2: =AF2/Y2 -> 0.02104238 | AH2: =Y2-AF2 -> 0.52989298 | AI2: =SUM(U2,V2) -> 3.0257802 | AJ2: =SUM(AA2,AB2,Z2,Y2) -> 3.0371754
A3: Akaogi and Akimoto (1979) | B3: 10.1016/0031-9201(79)90088-8 | C3: N-6 | D3: 4.5 | E3: 1200 | F3: Peridotite | G3: Peridotitic | H3: 40.89 | I3: 0.41 | J3: 22 | K3: 0.79 | L3: 10.98 | N3: 17.11 | O3: 6.28 | R3: =SUM(H3:Q3) -> 98.46 | S3: 12 | T3: =S3/(H3*'Molecular Weight'!$C$2/'Molecular Weight'!$D$2+I3*'Molecular Weight'!$C$3/'Molecular Weight'!$D$3+J3*'Molecular Weight'!$C$4/'Molecular Weight'!$D$4+K3*'Molecular Weight'!$C$5/'Molecular Weight'!$D$5+L3*'Molecular Weight'!$C$6/'Molecular Weight'!$D$6+M3*'Molecular Weight'!$C$8/'Molecular Weight'!$D$8+N3*'Molecular Weight'!$C$9/'Molecular Weight'!$D$9+O3*'Molecular Weight'!$C$10/'Molecular Weight'!$D$10+P3*'Molecular Weight'!$C$11/'Molecular Weight'!$D$11+Q3*'Molecular Weight'!$C$12/'Molecular Weight'!$D$12) -> 4.4057036 | U3: =H3*T3*'Molecular Weight'!$B$2/'Molecular Weight'!$D$2 -> 2.998489 | V3: =I3*T3*'Molecular Weight'!$B$3/'Molecular Weight'!$D$3 -> 0.02260749 | W3: =T3*J3*'Molecular Weight'!$B$4/'Molecular Weight'!$D$4 -> 1.9012452 | X3: =K3*T3*'Molecular Weight'!$B$5/'Molecular Weight'!$D$5 -> 0.045799143 | Y3: =L3*T3*'Molecular Weight'!$B$6/'Molecular Weight'!$D$6 -> 0.67336617 | Z3: =M3*T3*'Molecular Weight'!$B$8/'Molecular Weight'!$D$8 -> 0 | AA3: =N3*T3*'Molecular Weight'!$B$9/'Molecular Weight'!$D$9 -> 1.8705109 | AB3: =O3*T3*'Molecular Weight'!$B$10/'Molecular Weight'!$D$10 -> 0.49336339 | AC3: =P3*T3*'Molecular Weight'!$B$11/'Molecular Weight'!$D$11 -> 0 | AD3: =Q3*T3*'Molecular Weight'!$B$12/'Molecular Weight'!$D$12 -> 0 | AE3: =SUM(U3:AD3) -> 8.0053813 | AF3: =IF(IF(2*12*(1-8/AE3)<0,0,2*12*(1-8/AE3))<Y3,IF(2*12*(1-8/AE3)<0,0,2*12*(1-8/AE3)),Y3) -> 0.016133076 | AG3: =AF3/Y3 -> 0.023958845 | AH3: =Y3-AF3 -> 0.6572331 | AI3: =SUM(U3,V3) -> 3.0210965 | AJ3: =SUM(AA3,AB3,Z3,Y3) -> 3.0372405
A4: Akaogi and Akimoto (1979) | B4: 10.1016/0031-9201(79)90088-8 | C4: S-9 | D4: 7.5 | E4: 1200 | F4: Peridotite | G4: Peridotitic | H4: 42.03 | I4: 0.65 | J4: 20.58 | K4: 1.1 | L4: 10.42 | N4: 18.33 | O4: 5.95 | R4: =SUM(H4:Q4) -> 99.06 | S4: 12 | T4: =S4/(H4*'Molecular Weight'!$C$2/'Molecular Weight'!$D$2+I4*'Molecular Weight'!$C$3/'Molecular Weight'!$D$3+J4*'Molecular Weight'!$C$4/'Molecular Weight'!$D$4+K4*'Molecular Weight'!$C$5/'Molecular Weight'!$D$5+L4*'Molecular Weight'!$C$6/'Molecular Weight'!$D$6+M4*'Molecular Weight'!$C$8/'Molecular Weight'!$D$8+N4*'Molecular Weight'!$C$9/'Molecular Weight'!$D$9+O4*'Molecular Weight'!$C$10/'Molecular Weight'!$D$10+P4*'Molecular Weight'!$C$11/'Molecular Weight'!$D$11+Q4*'Molecular Weight'!$C$12/'Molecular Weight'!$D$12) -> 4.3658113 | U4: =H4*T4*'Molecular Weight'!$B$2/'Molecular Weight'!$D$2 -> 3.0541785 | V4: =I4*T4*'Molecular Weight'!$B$3/'Molecular Weight'!$D$3 -> 0.035516612 | W4: =T4*J4*'Molecular Weight'!$B$4/'Molecular Weight'!$D$4 -> 1.7624244 | X4: =K4*T4*'Molecular Weight'!$B$5/'Molecular Weight'!$D$5 -> 0.063193531 | Y4: =L4*T4*'Molecular Weight'!$B$6/'Molecular Weight'!$D$6 -> 0.6332371 | Z4: =M4*T4*'Molecular Weight'!$B$8/'Molecular Weight'!$D$8 -> 0 | AA4: =N4*T4*'Molecular Weight'!$B$9/'Molecular Weight'!$D$9 -> 1.98574 | AB4: =O4*T4*'Molecular Weight'!$B$10/'Molecular Weight'!$D$10 -> 0.46320572 | AC4: =P4*T4*'Molecular Weight'!$B$11/'Molecular Weight'!$D$11 -> 0 | AD4: =Q4*T4*'Molecular Weight'!$B$12/'Molecular Weight'!$D$12 -> 0 | AE4: =SUM(U4:AD4) -> 7.9974959 | AF4: =IF(IF(2*12*(1-8/AE4)<0,0,2*12*(1-8/AE4))<Y4,IF(2*12*(1-8/AE4)<0,0,2*12*(1-8/AE4)),Y4) -> 0 | AG4: =AF4/Y4 -> 0 | AH4: =Y4-AF4 -> 0.6332371 | AI4: =SUM(U4,V4) -> 3.0896952 | AJ4: =SUM(AA4,AB4,Z4,Y4) -> 3.0821828
A5: Akaogi and Akimoto (1979) | B5: 10.1016/0031-9201(79)90088-8 | C5: N-2 | D5: 7.5 | E5: 1200 | F5: Peridotite | G5: Peridotitic | H5: 42.01 | I5: 0.56 | J5: 21.46 | K5: 1.16 | L5: 11.13 | N5: 16.98 | O5: 6.35 | R5: =SUM(H5:Q5) -> 99.65 | S5: 12 | T5: =S5/(H5*'Molecular Weight'!$C$2/'Molecular Weight'!$D$2+I5*'Molecular Weight'!$C$3/'Molecular Weight'!$D$3+J5*'Molecular Weight'!$C$4/'Molecular Weight'!$D$4+K5*'Molecular Weight'!$C$5/'Molecular Weight'!$D$5+L5*'Molecular Weight'!$C$6/'Molecular Weight'!$D$6+M5*'Molecular Weight'!$C$8/'Molecular Weight'!$D$8+N5*'Molecular Weight'!$C$9/'Molecular Weight'!$D$9+O5*'Molecular Weight'!$C$10/'Molecular Weight'!$D$10+P5*'Molecular Weight'!$C$11/'Molecular Weight'!$D$11+Q5*'Molecular Weight'!$C$12/'Molecular Weight'!$D$12) -> 4.3536543 | U5: =H5*T5*'Molecular Weight'!$B$2/'Molecular Weight'!$D$2 -> 3.0442246 | V5: =I5*T5*'Molecular Weight'!$B$3/'Molecular Weight'!$D$3 -> 0.030513722 | W5: =T5*J5*'Molecular Weight'!$B$4/'Molecular Weight'!$D$4 -> 1.8326681 | X5: =K5*T5*'Molecular Weight'!$B$5/'Molecular Weight'!$D$5 -> 0.066454884 | Y5: =L5*T5*'Molecular Weight'!$B$6/'Molecular Weight'!$D$6 -> 0.67450128 | Z5: =M5*T5*'Molecular Weight'!$B$8/'Molecular Weight'!$D$8 -> 0 | AA5: =N5*T5*'Molecular Weight'!$B$9/'Molecular Weight'!$D$9 -> 1.8343685 | AB5: =O5*T5*'Molecular Weight'!$B$10/'Molecular Weight'!$D$10 -> 0.49296905 | AC5: =P5*T5*'Molecular Weight'!$B$11/'Molecular Weight'!$D$11 -> 0 | AD5: =Q5*T5*'Molecular Weight'!$B$12/'Molecular Weight'!$D$12 -> 0 | AE5: =SUM(U5:AD5) -> 7.9757002 | AF5: =IF(IF(2*12*(1-8/AE5)<0,0,2*12*(1-8/AE5))<Y5,IF(2*12*(1-8/AE5)<0,0,2*12*(1-8/AE5)),Y5) -> 0 | AG5: =AF5/Y5 -> 0 | AH5: =Y5-AF5 -> 0.67450128 | AI5: =SUM(U5,V5) -> 3.0747383 | AJ5: =SUM(AA5,AB5,Z5,Y5) -> 3.0018388
A6: Akaogi and Akimoto (1979) | B6: 10.1016/0031-9201(79)90088-8 | C6: S-15 | D6: 14.4 | E6: 1200 | F6: Peridotite | G6: Peridotitic | H6: 46.26 | I6: 0.37 | J6: 16.03 | K6: 0.52 | L6: 5.07 | N6: 24.76 | O6: 4.89 | R6: =SUM(H6:Q6) -> 97.9 | S6: 12 | T6: =S6/(H6*'Molecular Weight'!$C$2/'Molecular Weight'!$D$2+I6*'Molecular Weight'!$C$3/'Molecular Weight'!$D$3+J6*'Molecular Weight'!$C$4/'Molecular Weight'!$D$4+K6*'Molecular Weight'!$C$5/'Molecular Weight'!$D$5+L6*'Molecular Weight'!$C$6/'Molecular Weight'!$D$6+M6*'Molecular Weight'!$C$8/'Molecular Weight'!$D$8+N6*'Molecular Weight'!$C$9/'Molecular Weight'!$D$9+O6*'Molecular Weight'!$C$10/'Molecular Weight'!$D$10+P6*'Molecular Weight'!$C$11/'Molecular Weight'!$D$11+Q6*'Molecular Weight'!$C$12/'Molecular Weight'!$D$12) -> 4.2806843 | U6: =H6*T6*'Molecular Weight'!$B$2/'Molecular Weight'!$D$2 -> 3.2960129 | V6: =I6*T6*'Molecular Weight'!$B$3/'Molecular Weight'!$D$3 -> 0.019822944 | W6: =T6*J6*'Molecular Weight'!$B$4/'Molecular Weight'!$D$4 -> 1.3460057 | X6: =K6*T6*'Molecular Weight'!$B$5/'Molecular Weight'!$D$5 -> 0.02929082 | Y6: =L6*T6*'Molecular Weight'!$B$6/'Molecular Weight'!$D$6 -> 0.30210286 | Z6: =M6*T6*'Molecular Weight'!$B$8/'Molecular Weight'!$D$8 -> 0 | AA6: =N6*T6*'Molecular Weight'!$B$9/'Molecular Weight'!$D$9 -> 2.6300184 | AB6: =O6*T6*'Molecular Weight'!$B$10/'Molecular Weight'!$D$10 -> 0.37326224 | AC6: =P6*T6*'Molecular Weight'!$B$11/'Molecular Weight'!$D$11 -> 0 | AD6: =Q6*T6*'Molecular Weight'!$B$12/'Molecular Weight'!$D$12 -> 0 | AE6: =SUM(U6:AD6) -> 7.9965159 | AF6: =IF(IF(2*12*(1-8/AE6)<0,0,2*12*(1-8/AE6))<Y6,IF(2*12*(1-8/AE6)<0,0,2*12*(1-8/AE6)),Y6) -> 0 | AG6: =AF6/Y6 -> 0 | AH6: =Y6-AF6 -> 0.30210286 | AI6: =SUM(U6,V6) -> 3.3158359 | AJ6: =SUM(AA6,AB6,Z6,Y6) -> 3.3053835
A7: Akaogi and Akimoto (1979) | B7: 10.1016/0031-9201(79)90088-8 | C7: S-6 | D7: 14.6 | E7: 1200 | F7: Peridotite | G7: Peridotitic | H7: 46.11 | I7: 0.46 | J7: 15.64 | K7: 0.24 | L7: 8.04 | N7: 20.88 | O7: 8.16 | R7: =SUM(H7:Q7) -> 99.53 | S7: 12 | T7: =S7/(H7*'Molecular Weight'!$C$2/'Molecular Weight'!$D$2+I7*'Molecular Weight'!$C$3/'Molecular Weight'!$D$3+J7*'Molecular Weight'!$C$4/'Molecular Weight'!$D$4+K7*'Molecular Weight'!$C$5/'Molecular Weight'!$D$5+L7*'Molecular Weight'!$C$6/'Molecular Weight'!$D$6+M7*'Molecular Weight'!$C$8/'Molecular Weight'!$D$8+N7*'Molecular Weight'!$C$9/'Molecular Weight'!$D$9+O7*'Molecular Weight'!$C$10/'Molecular Weight'!$D$10+P7*'Molecular Weight'!$C$11/'Molecular Weight'!$D$11+Q7*'Molecular Weight'!$C$12/'Molecular Weight'!$D$12) -> 4.3058266 | U7: =H7*T7*'Molecular Weight'!$B$2/'Molecular Weight'!$D$2 -> 3.3046216 | V7: =I7*T7*'Molecular Weight'!$B$3/'Molecular Weight'!$D$3 -> 0.02478949 | W7: =T7*J7*'Molecular Weight'!$B$4/'Molecular Weight'!$D$4 -> 1.3209715 | X7: =K7*T7*'Molecular Weight'!$B$5/'Molecular Weight'!$D$5 -> 0.013598242 | Y7: =L7*T7*'Molecular Weight'!$B$6/'Molecular Weight'!$D$6 -> 0.48188817 | Z7: =M7*T7*'Molecular Weight'!$B$8/'Molecular Weight'!$D$8 -> 0 | AA7: =N7*T7*'Molecular Weight'!$B$9/'Molecular Weight'!$D$9 -> 2.2309097 | AB7: =O7*T7*'Molecular Weight'!$B$10/'Molecular Weight'!$D$10 -> 0.62652541 | AC7: =P7*T7*'Molecular Weight'!$B$11/'Molecular Weight'!$D$11 -> 0 | AD7: =Q7*T7*'Molecular Weight'!$B$12/'Molecular Weight'!$D$12 -> 0 | AE7: =SUM(U7:AD7) -> 8.0033041 | AF7: =IF(IF(2*12*(1-8/AE7)<0,0,2*12*(1-8/AE7))<Y7,IF(2*12*(1-8/AE7)<0,0,2*12*(1-8/AE7)),Y7) -> 0.0099080782 | AG7: =AF7/Y7 -> 0.020560949 | AH7: =Y7-AF7 -> 0.47198009 | AI7: =SUM(U7,V7) -> 3.3294111 | AJ7: =SUM(AA7,AB7,Z7,Y7) -> 3.3393232
A8: Auzanneau 2009 | B8: 10.1007/s00410-009-0412-7 | C8: PC3-2001-13 | D8: 1.9 | E8: 800 | F8: Metagreywacke | G8: Basaltic | H8: 38.31 | I8: 0.47 | J8: 21.24 | L8: 28.43 | M8: 0.87 | N8: 5.45 | O8: 5.08 | P8: 0.13 | Q8: 0.02 | R8: =SUM(H8:Q8) -> 100 | S8: 12 | T8: =S8/(H8*'Molecular Weight'!$C$2/'Molecular Weight'!$D$2+I8*'Molecular Weight'!$C$3/'Molecular Weight'!$D$3+J8*'Molecular Weight'!$C$4/'Molecular Weight'!$D$4+K8*'Molecular Weight'!$C$5/'Molecular Weight'!$D$5+L8*'Molecular Weight'!$C$6/'Molecular Weight'!$D$6+M8*'Molecular Weight'!$C$8/'Molecular Weight'!$D$8+N8*'Molecular Weight'!$C$9/'Molecular Weight'!$D$9+O8*'Molecular Weight'!$C$10/'Molecular Weight'!$D$10+P8*'Molecular Weight'!$C$11/'Molecular Weight'!$D$11+Q8*'Molecular Weight'!$C$12/'Molecular Weight'!$D$12) -> 4.7092988 | U8: =H8*T8*'Molecular Weight'!$B$2/'Molecular Weight'!$D$2 -> 3.0028834 | V8: =I8*T8*'Molecular Weight'!$B$3/'Molecular Weight'!$D$3 -> 0.027701758 | W8: =T8*J8*'Molecular Weight'!$B$4/'Molecular Weight'!$D$4 -> 1.9620539 | X8: =K8*T8*'Molecular Weight'!$B$5/'Molecular Weight'!$D$5 -> 0 | Y8: =L8*T8*'Molecular Weight'!$B$6/'Molecular Weight'!$D$6 -> 1.8636604 | Z8: =M8*T8*'Molecular Weight'!$B$8/'Molecular Weight'!$D$8 -> 0.057754299 | AA8: =N8*T8*'Molecular Weight'!$B$9/'Molecular Weight'!$D$9 -> 0.63686547 | AB8: =O8*T8*'Molecular Weight'!$B$10/'Molecular Weight'!$D$10 -> 0.42659126 | AC8: =P8*T8*'Molecular Weight'!$B$11/'Molecular Weight'!$D$11 -> 0.019755045 | AD8: =Q8*T8*'Molecular Weight'!$B$12/'Molecular Weight'!$D$12 -> 0.0019997022 | AE8: =SUM(U8:AD8) -> 7.9992653 | AF8: =IF(IF(2*12*(1-8/AE8)<0,0,2*12*(1-8/AE8))<Y8,IF(2*12*(1-8/AE8)<0,0,2*12*(1-8/AE8)),Y8) -> 0 | AG8: =AF8/Y8 -> 0 | AH8: =Y8-AF8 -> 1.8636604 | AI8: =SUM(U8,V8) -> 3.0305852 | AJ8: =SUM(AA8,AB8,Z8,Y8) -> 2.9848714
A9: Auzanneau 2009 | B9: 10.1007/s00410-009-0412-7 | C9: PC3-2001-12 | D9: 2.1 | E9: 800 | F9: Metagreywacke | G9: Basaltic | H9: 38.49 | I9: 0.52 | J9: 21.29 | L9: 26.87 | M9: 0.55 | N9: 5.35 | O9: 6.81 | P9: 0.12 | Q9: 0.01 | R9: =SUM(H9:Q9) -> 100.01 | S9: 12 | T9: =S9/(H9*'Molecular Weight'!$C$2/'Molecular Weight'!$D$2+I9*'Molecular Weight'!$C$3/'Molecular Weight'!$D$3+J9*'Molecular Weight'!$C$4/'Molecular Weight'!$D$4+K9*'Molecular Weight'!$C$5/'Molecular Weight'!$D$5+L9*'Molecular Weight'!$C$6/'Molecular Weight'!$D$6+M9*'Molecular Weight'!$C$8/'Molecular Weight'!$D$8+N9*'Molecular Weight'!$C$9/'Molecular Weight'!$D$9+O9*'Molecular Weight'!$C$10/'Molecular Weight'!$D$10+P9*'Molecular Weight'!$C$11/'Molecular Weight'!$D$11+Q9*'Molecular Weight'!$C$12/'Molecular Weight'!$D$12) -> 4.6898102 | U9: =H9*T9*'Molecular Weight'!$B$2/'Molecular Weight'!$D$2 -> 3.0045073 | V9: =I9*T9*'Molecular Weight'!$B$3/'Molecular Weight'!$D$3 -> 0.030521919 | W9: =T9*J9*'Molecular Weight'!$B$4/'Molecular Weight'!$D$4 -> 1.9585339 | X9: =K9*T9*'Molecular Weight'!$B$5/'Molecular Weight'!$D$5 -> 0 | Y9: =L9*T9*'Molecular Weight'!$B$6/'Molecular Weight'!$D$6 -> 1.7541091 | Z9: =M9*T9*'Molecular Weight'!$B$8/'Molecular Weight'!$D$8 -> 0.036360243 | AA9: =N9*T9*'Molecular Weight'!$B$9/'Molecular Weight'!$D$9 -> 0.62259267 | AB9: =O9*T9*'Molecular Weight'!$B$10/'Molecular Weight'!$D$10 -> 0.56950085 | AC9: =P9*T9*'Molecular Weight'!$B$11/'Molecular Weight'!$D$11 -> 0.018159962 | AD9: =Q9*T9*'Molecular Weight'!$B$12/'Molecular Weight'!$D$12 -> 0.00099571343 | AE9: =SUM(U9:AD9) -> 7.9952817 | AF9: =IF(IF(2*12*(1-8/AE9)<0,0,2*12*(1-8/AE9))<Y9,IF(2*12*(1-8/AE9)<0,0,2*12*(1-8/AE9)),Y9) -> 0 | AG9: =AF9/Y9 -> 0 | AH9: =Y9-AF9 -> 1.7541091 | AI9: =SUM(U9,V9) -> 3.0350292 | AJ9: =SUM(AA9,AB9,Z9,Y9) -> 2.9825629
A10: Auzanneau 2009 | B10: 10.1007/s00410-009-0412-7 | C10: PC3-2000-13B | D10: 2.3 | E10: 850 | F10: Metagreywacke | G10: Basaltic | H10: 38 | I10: 0.88 | J10: 21.42 | L10: 25.72 | M10: 0.8 | N10: 5.96 | O10: 7.02 | P10: 0.15 | Q10: 0.07 | R10: =SUM(H10:Q10) -> 100.02 | S10: 12 | T10: =S10/(H10*'Molecular Weight'!$C$2/'Molecular Weight'!$D$2+I10*'Molecular Weight'!$C$3/'Molecular Weight'!$D$3+J10*'Molecular Weight'!$C$4/'Molecular Weight'!$D$4+K10*'Molecular Weight'!$C$5/'Molecular Weight'!$D$5+L10*'Molecular Weight'!$C$6/'Molecular Weight'!$D$6+M10*'Molecular Weight'!$C$8/'Molecular Weight'!$D$8+N10*'Molecular Weight'!$C$9/'Molecular Weight'!$D$9+O10*'Molecular Weight'!$C$10/'Molecular Weight'!$D$10+P10*'Molecular Weight'!$C$11/'Molecular Weight'!$D$11+Q10*'Molecular Weight'!$C$12/'Molecular Weight'!$D$12) -> 4.6824115 | U10: =H10*T10*'Molecular Weight'!$B$2/'Molecular Weight'!$D$2 -> 2.9615785 | V10: =I10*T10*'Molecular Weight'!$B$3/'Molecular Weight'!$D$3 -> 0.05157099 | W10: =T10*J10*'Molecular Weight'!$B$4/'Molecular Weight'!$D$4 -> 1.9673843 | X10: =K10*T10*'Molecular Weight'!$B$5/'Molecular Weight'!$D$5 -> 0 | Y10: =L10*T10*'Molecular Weight'!$B$6/'Molecular Weight'!$D$6 -> 1.6763867 | Z10: =M10*T10*'Molecular Weight'!$B$8/'Molecular Weight'!$D$8 -> 0.052804189 | AA10: =N10*T10*'Molecular Weight'!$B$9/'Molecular Weight'!$D$9 -> 0.69248567 | AB10: =O10*T10*'Molecular Weight'!$B$10/'Molecular Weight'!$D$10 -> 0.58613638 | AC10: =P10*T10*'Molecular Weight'!$B$11/'Molecular Weight'!$D$11 -> 0.022664141 | AD10: =Q10*T10*'Molecular Weight'!$B$12/'Molecular Weight'!$D$12 -> 0.0069589979 | AE10: =SUM(U10:AD10) -> 8.0179699 | AF10: =IF(IF(2*12*(1-8/AE10)<0,0,2*12*(1-8/AE10))<Y10,IF(2*12*(1-8/AE10)<0,0,2*12*(1-8/AE10)),Y10) -> 0.053788947 | AG10: =AF10/Y10 -> 0.03208624 | AH10: =Y10-AF10 -> 1.6225978 | AI10: =SUM(U10,V10) -> 3.0131495 | AJ10: =SUM(AA10,AB10,Z10,Y10) -> 3.007813
A11: Auzanneau 2009 | B11: 10.1007/s00410-009-0412-7 | C11: PC3-2001-1 | D11: 2.3 | E11: 850 | F11: Metagreywacke | G11: Basaltic | H11: 38.11 | I11: 1 | J11: 21.56 | L11: 27.49 | M11: 0.74 | N11: 7.47 | O11: 3.42 | P11: 0.16 | Q11: 0.06 | R11: =SUM(H11:Q11) -> 100.01 | S11: 12 | T11: =S11/(H11*'Molecular Weight'!$C$2/'Molecular Weight'!$D$2+I11*'Molecular Weight'!$C$3/'Molecular Weight'!$D$3+J11*'Molecular Weight'!$C$4/'Molecular Weight'!$D$4+K11*'Molecular Weight'!$C$5/'Molecular Weight'!$D$5+L11*'Molecular Weight'!$C$6/'Molecular Weight'!$D$6+M11*'Molecular Weight'!$C$8/'Molecular Weight'!$D$8+N11*'Molecular Weight'!$C$9/'Molecular Weight'!$D$9+O11*'Molecular Weight'!$C$10/'Molecular Weight'!$D$10+P11*'Molecular Weight'!$C$11/'Molecular Weight'!$D$11+Q11*'Molecular Weight'!$C$12/'Molecular Weight'!$D$12) -> 4.6680087 | U11: =H11*T11*'Molecular Weight'!$B$2/'Molecular Weight'!$D$2 -> 2.9610155 | V11: =I11*T11*'Molecular Weight'!$B$3/'Molecular Weight'!$D$3 -> 0.058423138 | W11: =T11*J11*'Molecular Weight'!$B$4/'Molecular Weight'!$D$4 -> 1.974152 | X11: =K11*T11*'Molecular Weight'!$B$5/'Molecular Weight'!$D$5 -> 0 | Y11: =L11*T11*'Molecular Weight'!$B$6/'Molecular Weight'!$D$6 -> 1.7862411 | Z11: =M11*T11*'Molecular Weight'!$B$8/'Molecular Weight'!$D$8 -> 0.048693635 | AA11: =N11*T11*'Molecular Weight'!$B$9/'Molecular Weight'!$D$9 -> 0.86526116 | AB11: =O11*T11*'Molecular Weight'!$B$10/'Molecular Weight'!$D$10 -> 0.28467528 | AC11: =P11*T11*'Molecular Weight'!$B$11/'Molecular Weight'!$D$11 -> 0.024100723 | AD11: =Q11*T11*'Molecular Weight'!$B$12/'Molecular Weight'!$D$12 -> 0.0059465079 | AE11: =SUM(U11:AD11) -> 8.008509 | AF11: =IF(IF(2*12*(1-8/AE11)<0,0,2*12*(1-8/AE11))<Y11,IF(2*12*(1-8/AE11)<0,0,2*12*(1-8/AE11)),Y11) -> 0.025499857 | AG11: =AF11/Y11 -> 0.014275708 | AH11: =Y11-AF11 -> 1.7607412 | AI11: =SUM(U11,V11) -> 3.0194386 | AJ11: =SUM(AA11,AB11,Z11,Y11) -> 2.9848712
A12: Auzanneau 2009 | B12: 10.1007/s00410-009-0412-7 | C12: PC3-2000-5 | D12: 2.4 | E12: 800 | F12: Metagreywacke | G12: Basaltic | H12: 37.71 | I12: 0.82 | J12: 21.2 | L12: 30.68 | M12: 0.41 | N12: 4.64 | O12: 4.27 | P12: 0.22 | Q12: 0.05 | R12: =SUM(H12:Q12) -> 100 | S12: 12 | T12: =S12/(H12*'Molecular Weight'!$C$2/'Molecular Weight'!$D$2+I12*'Molecular Weight'!$C$3/'Molecular Weight'!$D$3+J12*'Molecular Weight'!$C$4/'Molecular Weight'!$D$4+K12*'Molecular Weight'!$C$5/'Molecular Weight'!$D$5+L12*'Molecular Weight'!$C$6/'Molecular Weight'!$D$6+M12*'Molecular Weight'!$C$8/'Molecular Weight'!$D$8+N12*'Molecular Weight'!$C$9/'Molecular Weight'!$D$9+O12*'Molecular Weight'!$C$10/'Molecular Weight'!$D$10+P12*'Molecular Weight'!$C$11/'Molecular Weight'!$D$11+Q12*'Molecular Weight'!$C$12/'Molecular Weight'!$D$12) -> 4.7471667 | U12: =H12*T12*'Molecular Weight'!$B$2/'Molecular Weight'!$D$2 -> 2.9796214 | V12: =I12*T12*'Molecular Weight'!$B$3/'Molecular Weight'!$D$3 -> 0.048719358 | W12: =T12*J12*'Molecular Weight'!$B$4/'Molecular Weight'!$D$4 -> 1.9741062 | X12: =K12*T12*'Molecular Weight'!$B$5/'Molecular Weight'!$D$5 -> 0 | Y12: =L12*T12*'Molecular Weight'!$B$6/'Molecular Weight'!$D$6 -> 2.0273256 | Z12: =M12*T12*'Molecular Weight'!$B$8/'Molecular Weight'!$D$8 -> 0.027436402 | AA12: =N12*T12*'Molecular Weight'!$B$9/'Molecular Weight'!$D$9 -> 0.54657205 | AB12: =O12*T12*'Molecular Weight'!$B$10/'Molecular Weight'!$D$10 -> 0.3614551 | AC12: =P12*T12*'Molecular Weight'!$B$11/'Molecular Weight'!$D$11 -> 0.033700441 | AD12: =Q12*T12*'Molecular Weight'!$B$12/'Molecular Weight'!$D$12 -> 0.0050394551 | AE12: =SUM(U12:AD12) -> 8.0039761 | AF12: =IF(IF(2*12*(1-8/AE12)<0,0,2*12*(1-8/AE12))<Y12,IF(2*12*(1-8/AE12)<0,0,2*12*(1-8/AE12)),Y12) -> 0.011922257 | AG12: =AF12/Y12 -> 0.0058807806 | AH12: =Y12-AF12 -> 2.0154034 | AI12: =SUM(U12,V12) -> 3.0283408 | AJ12: =SUM(AA12,AB12,Z12,Y12) -> 2.9627892
A13: Auzanneau 2009 | B13: 10.1007/s00410-009-0412-7 | C13: PC3-2000-8 | D13: 2.4 | E13: 850 | F13: Metagreywacke | G13: Basaltic | H13: 38.8 | I13: 0.62 | J13: 21.26 | L13: 29.84 | M13: 0.3 | N13: 5.91 | O13: 2.98 | P13: 0.24 | Q13: 0.06 | R13: =SUM(H13:Q13) -> 100.01 | S13: 12 | T13: =S13/(H13*'Molecular Weight'!$C$2/'Molecular Weight'!$D$2+I13*'Molecular Weight'!$C$3/'Molecular Weight'!$D$3+J13*'Molecular Weight'!$C$4/'Molecular Weight'!$D$4+K13*'Molecular Weight'!$C$5/'Molecular Weight'!$D$5+L13*'Molecular Weight'!$C$6/'Molecular Weight'!$D$6+M13*'Molecular Weight'!$C$8/'Molecular Weight'!$D$8+N13*'Molecular Weight'!$C$9/'Molecular Weight'!$D$9+O13*'Molecular Weight'!$C$10/'Molecular Weight'!$D$10+P13*'Molecular Weight'!$C$11/'Molecular Weight'!$D$11+Q13*'Molecular Weight'!$C$12/'Molecular Weight'!$D$12) -> 4.6937998 | U13: =H13*T13*'Molecular Weight'!$B$2/'Molecular Weight'!$D$2 -> 3.0312822 | V13: =I13*T13*'Molecular Weight'!$B$3/'Molecular Weight'!$D$3 -> 0.036422477 | W13: =T13*J13*'Molecular Weight'!$B$4/'Molecular Weight'!$D$4 -> 1.9574379 | X13: =K13*T13*'Molecular Weight'!$B$5/'Molecular Weight'!$D$5 -> 0 | Y13: =L13*T13*'Molecular Weight'!$B$6/'Molecular Weight'!$D$6 -> 1.9496518 | Z13: =M13*T13*'Molecular Weight'!$B$8/'Molecular Weight'!$D$8 -> 0.019849731 | AA13: =N13*T13*'Molecular Weight'!$B$9/'Molecular Weight'!$D$9 -> 0.68834633 | AB13: =O13*T13*'Molecular Weight'!$B$10/'Molecular Weight'!$D$10 -> 0.24942089 | AC13: =P13*T13*'Molecular Weight'!$B$11/'Molecular Weight'!$D$11 -> 0.036350821 | AD13: =Q13*T13*'Molecular Weight'!$B$12/'Molecular Weight'!$D$12 -> 0.0059793628 | AE13: =SUM(U13:AD13) -> 7.9747415 | AF13: =IF(IF(2*12*(1-8/AE13)<0,0,2*12*(1-8/AE13))<Y13,IF(2*12*(1-8/AE13)<0,0,2*12*(1-8/AE13)),Y13) -> 0 | AG13: =AF13/Y13 -> 0 | AH13: =Y13-AF13 -> 1.9496518 | AI13: =SUM(U13,V13) -> 3.0677046 | AJ13: =SUM(AA13,AB13,Z13,Y13) -> 2.9072688
A14: Auzanneau 2009 | B14: 10.1007/s00410-009-0412-7 | C14: PC3-2001-16 | D14: 2.4 | E14: 850 | F14: Metagreywacke | G14: Basaltic | H14: 38.47 | I14: 1.03 | J14: 20.9 | L14: 28.9 | M14: 0.47 | N14: 6.11 | O14: 3.75 | P14: 0.33 | Q14: 0.04 | R14: =SUM(H14:Q14) -> 100 | S14: 12 | T14: =S14/(H14*'Molecular Weight'!$C$2/'Molecular Weight'!$D$2+I14*'Molecular Weight'!$C$3/'Molecular Weight'!$D$3+J14*'Molecular Weight'!$C$4/'Molecular Weight'!$D$4+K14*'Molecular Weight'!$C$5/'Molecular Weight'!$D$5+L14*'Molecular Weight'!$C$6/'Molecular Weight'!$D$6+M14*'Molecular Weight'!$C$8/'Molecular Weight'!$D$8+N14*'Molecular Weight'!$C$9/'Molecular Weight'!$D$9+O14*'Molecular Weight'!$C$10/'Molecular Weight'!$D$10+P14*'Molecular Weight'!$C$11/'Molecular Weight'!$D$11+Q14*'Molecular Weight'!$C$12/'Molecular Weight'!$D$12) -> 4.6976038 | U14: =H14*T14*'Molecular Weight'!$B$2/'Molecular Weight'!$D$2 -> 3.0079364 | V14: =I14*T14*'Molecular Weight'!$B$3/'Molecular Weight'!$D$3 -> 0.060557345 | W14: =T14*J14*'Molecular Weight'!$B$4/'Molecular Weight'!$D$4 -> 1.9258517 | X14: =K14*T14*'Molecular Weight'!$B$5/'Molecular Weight'!$D$5 -> 0 | Y14: =L14*T14*'Molecular Weight'!$B$6/'Molecular Weight'!$D$6 -> 1.8897654 | Z14: =M14*T14*'Molecular Weight'!$B$8/'Molecular Weight'!$D$8 -> 0.031123115 | AA14: =N14*T14*'Molecular Weight'!$B$9/'Molecular Weight'!$D$9 -> 0.71221735 | AB14: =O14*T14*'Molecular Weight'!$B$10/'Molecular Weight'!$D$10 -> 0.31412293 | AC14: =P14*T14*'Molecular Weight'!$B$11/'Molecular Weight'!$D$11 -> 0.050022886 | AD14: =Q14*T14*'Molecular Weight'!$B$12/'Molecular Weight'!$D$12 -> 0.0039894724 | AE14: =SUM(U14:AD14) -> 7.9955866 | AF14: =IF(IF(2*12*(1-8/AE14)<0,0,2*12*(1-8/AE14))<Y14,IF(2*12*(1-8/AE14)<0,0,2*12*(1-8/AE14)),Y14) -> 0 | AG14: =AF14/Y14 -> 0 | AH14: =Y14-AF14 -> 1.8897654 | AI14: =SUM(U14,V14) -> 3.0684937 | AJ14: =SUM(AA14,AB14,Z14,Y14) -> 2.9472288
A15: Auzanneau 2009 | B15: 10.1007/s00410-009-0412-7 | C15: PC3-2001-11 | D15: 2.4 | E15: 870 | F15: Metagreywacke | G15: Basaltic | H15: 37.54 | I15: 0.85 | J15: 21.44 | L15: 27.24 | M15: 0.35 | N15: 6.74 | O15: 4.89 | P15: 0.26 | Q15: 0.06 | R15: =SUM(H15:Q15) -> 99.37 | S15: 12 | T15: =S15/(H15*'Molecular Weight'!$C$2/'Molecular Weight'!$D$2+I15*'Molecular Weight'!$C$3/'Molecular Weight'!$D$3+J15*'Molecular Weight'!$C$4/'Molecular Weight'!$D$4+K15*'Molecular Weight'!$C$5/'Molecular Weight'!$D$5+L15*'Molecular Weight'!$C$6/'Molecular Weight'!$D$6+M15*'Molecular Weight'!$C$8/'Molecular Weight'!$D$8+N15*'Molecular Weight'!$C$9/'Molecular Weight'!$D$9+O15*'Molecular Weight'!$C$10/'Molecular Weight'!$D$10+P15*'Molecular Weight'!$C$11/'Molecular Weight'!$D$11+Q15*'Molecular Weight'!$C$12/'Molecular Weight'!$D$12) -> 4.714825 | U15: =H15*T15*'Molecular Weight'!$B$2/'Molecular Weight'!$D$2 -> 2.9459809 | V15: =I15*T15*'Molecular Weight'!$B$3/'Molecular Weight'!$D$3 -> 0.050157713 | W15: =T15*J15*'Molecular Weight'!$B$4/'Molecular Weight'!$D$4 -> 1.982853 | X15: =K15*T15*'Molecular Weight'!$B$5/'Molecular Weight'!$D$5 -> 0 | Y15: =L15*T15*'Molecular Weight'!$B$6/'Molecular Weight'!$D$6 -> 1.7877482 | Z15: =M15*T15*'Molecular Weight'!$B$8/'Molecular Weight'!$D$8 -> 0.023261753 | AA15: =N15*T15*'Molecular Weight'!$B$9/'Molecular Weight'!$D$9 -> 0.78853401 | AB15: =O15*T15*'Molecular Weight'!$B$10/'Molecular Weight'!$D$10 -> 0.41111794 | AC15: =P15*T15*'Molecular Weight'!$B$11/'Molecular Weight'!$D$11 -> 0.039556454 | AD15: =Q15*T15*'Molecular Weight'!$B$12/'Molecular Weight'!$D$12 -> 0.0060061465 | AE15: =SUM(U15:AD15) -> 8.0352162 | AF15: =IF(IF(2*12*(1-8/AE15)<0,0,2*12*(1-8/AE15))<Y15,IF(2*12*(1-8/AE15)<0,0,2*12*(1-8/AE15)),Y15) -> 0.10518553 | AG15: =AF15/Y15 -> 0.058836879 | AH15: =Y15-AF15 -> 1.6825627 | AI15: =SUM(U15,V15) -> 2.9961386 | AJ15: =SUM(AA15,AB15,Z15,Y15) -> 3.0106619
A16: Auzanneau 2009 | B16: 10.1007/s00410-009-0412-7 | C16: PC3-2000-10 | D16: 2.4 | E16: 900 | F16: Metagreywacke | G16: Basaltic | H16: 38.39 | I16: 0.82 | J16: 21.45 | L16: 27.07 | M16: 0.35 | N16: 7.4 | O16: 4.15 | P16: 0.31 | Q16: 0.06 | R16: =SUM(H16:Q16) -> 100 | S16: 12 | T16: =S16/(H16*'Molecular Weight'!$C$2/'Molecular Weight'!$D$2+I16*'Molecular Weight'!$C$3/'Molecular Weight'!$D$3+J16*'Molecular Weight'!$C$4/'Molecular Weight'!$D$4+K16*'Molecular Weight'!$C$5/'Molecular Weight'!$D$5+L16*'Molecular Weight'!$C$6/'Molecular Weight'!$D$6+M16*'Molecular Weight'!$C$8/'Molecular Weight'!$D$8+N16*'Molecular Weight'!$C$9/'Molecular Weight'!$D$9+O16*'Molecular Weight'!$C$10/'Molecular Weight'!$D$10+P16*'Molecular Weight'!$C$11/'Molecular Weight'!$D$11+Q16*'Molecular Weight'!$C$12/'Molecular Weight'!$D$12) -> 4.6608741 | U16: =H16*T16*'Molecular Weight'!$B$2/'Molecular Weight'!$D$2 -> 2.9782117 | V16: =I16*T16*'Molecular Weight'!$B$3/'Molecular Weight'!$D$3 -> 0.047833752 | W16: =T16*J16*'Molecular Weight'!$B$4/'Molecular Weight'!$D$4 -> 1.9610779 | X16: =K16*T16*'Molecular Weight'!$B$5/'Molecular Weight'!$D$5 -> 0 | Y16: =L16*T16*'Molecular Weight'!$B$6/'Molecular Weight'!$D$6 -> 1.756262 | Z16: =M16*T16*'Molecular Weight'!$B$8/'Molecular Weight'!$D$8 -> 0.022995573 | AA16: =N16*T16*'Molecular Weight'!$B$9/'Molecular Weight'!$D$9 -> 0.85584289 | AB16: =O16*T16*'Molecular Weight'!$B$10/'Molecular Weight'!$D$10 -> 0.34491133 | AC16: =P16*T16*'Molecular Weight'!$B$11/'Molecular Weight'!$D$11 -> 0.046623781 | AD16: =Q16*T16*'Molecular Weight'!$B$12/'Molecular Weight'!$D$12 -> 0.0059374192 | AE16: =SUM(U16:AD16) -> 8.0196963 | AF16: =IF(IF(2*12*(1-8/AE16)<0,0,2*12*(1-8/AE16))<Y16,IF(2*12*(1-8/AE16)<0,0,2*12*(1-8/AE16)),Y16) -> 0.058943654 | AG16: =AF16/Y16 -> 0.033561994 | AH16: =Y16-AF16 -> 1.6973183 | AI16: =SUM(U16,V16) -> 3.0260454 | AJ16: =SUM(AA16,AB16,Z16,Y16) -> 2.9800118
A17: Auzanneau 2009 | B17: 10.1007/s00410-009-0412-7 | C17: PC3-2000-7 | D17: 2.8 | E17: 800 | F17: Metagreywacke | G17: Basaltic | H17: 37.75 | I17: 0.77 | J17: 21.25 | L17: 30.97 | M17: 0.5 | N17: 5.24 | O17: 3.28 | P17: 0.2 | Q17: 0.04 | R17: =SUM(H17:Q17) -> 100 | S17: 12 | T17: =S17/(H17*'Molecular Weight'!$C$2/'Molecular Weight'!$D$2+I17*'Molecular Weight'!$C$3/'Molecular Weight'!$D$3+J17*'Molecular Weight'!$C$4/'Molecular Weight'!$D$4+K17*'Molecular Weight'!$C$5/'Molecular Weight'!$D$5+L17*'Molecular Weight'!$C$6/'Molecular Weight'!$D$6+M17*'Molecular Weight'!$C$8/'Molecular Weight'!$D$8+N17*'Molecular Weight'!$C$9/'Molecular Weight'!$D$9+O17*'Molecular Weight'!$C$10/'Molecular Weight'!$D$10+P17*'Molecular Weight'!$C$11/'Molecular Weight'!$D$11+Q17*'Molecular Weight'!$C$12/'Molecular Weight'!$D$12) -> 4.7402982 | U17: =H17*T17*'Molecular Weight'!$B$2/'Molecular Weight'!$D$2 -> 2.9784663 | V17: =I17*T17*'Molecular Weight'!$B$3/'Molecular Weight'!$D$3 -> 0.045682473 | W17: =T17*J17*'Molecular Weight'!$B$4/'Molecular Weight'!$D$4 -> 1.9758991 | X17: =K17*T17*'Molecular Weight'!$B$5/'Molecular Weight'!$D$5 -> 0 | Y17: =L17*T17*'Molecular Weight'!$B$6/'Molecular Weight'!$D$6 -> 2.0435278 | Z17: =M17*T17*'Molecular Weight'!$B$8/'Molecular Weight'!$D$8 -> 0.033410616 | AA17: =N17*T17*'Molecular Weight'!$B$9/'Molecular Weight'!$D$9 -> 0.61635639 | AB17: =O17*T17*'Molecular Weight'!$B$10/'Molecular Weight'!$D$10 -> 0.27724996 | AC17: =P17*T17*'Molecular Weight'!$B$11/'Molecular Weight'!$D$11 -> 0.030592437 | AD17: =Q17*T17*'Molecular Weight'!$B$12/'Molecular Weight'!$D$12 -> 0.0040257309 | AE17: =SUM(U17:AD17) -> 8.0052108 | AF17: =IF(IF(2*12*(1-8/AE17)<0,0,2*12*(1-8/AE17))<Y17,IF(2*12*(1-8/AE17)<0,0,2*12*(1-8/AE17)),Y17) -> 0.015622106 | AG17: =AF17/Y17 -> 0.0076446753 | AH17: =Y17-AF17 -> 2.0279056 | AI17: =SUM(U17,V17) -> 3.0241488 | AJ17: =SUM(AA17,AB17,Z17,Y17) -> 2.9705447
A18: Auzanneau 2009 | B18: 10.1007/s00410-009-0412-7 | C18: PC3-2000-12 | D18: 2.8 | E18: 900 | F18: Metagreywacke | G18: Basaltic | H18: 38.51 | I18: 0.86 | J18: 21.85 | L18: 27.25 | M18: 0.45 | N18: 7.22 | O18: 3.48 | P18: 0.34 | Q18: 0.03 | R18: =SUM(H18:Q18) -> 99.99 | S18: 12 | T18: =S18/(H18*'Molecular Weight'!$C$2/'Molecular Weight'!$D$2+I18*'Molecular Weight'!$C$3/'Molecular Weight'!$D$3+J18*'Molecular Weight'!$C$4/'Molecular Weight'!$D$4+K18*'Molecular Weight'!$C$5/'Molecular Weight'!$D$5+L18*'Molecular Weight'!$C$6/'Molecular Weight'!$D$6+M18*'Molecular Weight'!$C$8/'Molecular Weight'!$D$8+N18*'Molecular Weight'!$C$9/'Molecular Weight'!$D$9+O18*'Molecular Weight'!$C$10/'Molecular Weight'!$D$10+P18*'Molecular Weight'!$C$11/'Molecular Weight'!$D$11+Q18*'Molecular Weight'!$C$12/'Molecular Weight'!$D$12) -> 4.6528641 | U18: =H18*T18*'Molecular Weight'!$B$2/'Molecular Weight'!$D$2 -> 2.9823867 | V18: =I18*T18*'Molecular Weight'!$B$3/'Molecular Weight'!$D$3 -> 0.05008089 | W18: =T18*J18*'Molecular Weight'!$B$4/'Molecular Weight'!$D$4 -> 1.994215 | X18: =K18*T18*'Molecular Weight'!$B$5/'Molecular Weight'!$D$5 -> 0 | Y18: =L18*T18*'Molecular Weight'!$B$6/'Molecular Weight'!$D$6 -> 1.7649018 | Z18: =M18*T18*'Molecular Weight'!$B$8/'Molecular Weight'!$D$8 -> 0.029514926 | AA18: =N18*T18*'Molecular Weight'!$B$9/'Molecular Weight'!$D$9 -> 0.83359004 | AB18: =O18*T18*'Molecular Weight'!$B$10/'Molecular Weight'!$D$10 -> 0.28872979 | AC18: =P18*T18*'Molecular Weight'!$B$11/'Molecular Weight'!$D$11 -> 0.051047879 | AD18: =Q18*T18*'Molecular Weight'!$B$12/'Molecular Weight'!$D$12 -> 0.0029636077 | AE18: =SUM(U18:AD18) -> 7.9974306 | AF18: =IF(IF(2*12*(1-8/AE18)<0,0,2*12*(1-8/AE18))<Y18,IF(2*12*(1-8/AE18)<0,0,2*12*(1-8/AE18)),Y18) -> 0 | AG18: =AF18/Y18 -> 0 | AH18: =Y18-AF18 -> 1.7649018 | AI18: =SUM(U18,V18) -> 3.0324676 | AJ18: =SUM(AA18,AB18,Z18,Y18) -> 2.9167366
A19: Auzanneau 2009 | B19: 10.1007/s00410-009-0412-7 | C19: PC3-2000-3 | D19: 2.8 | E19: 950 | F19: Metagreywacke | G19: Basaltic | H19: 37.68 | I19: 1.96 | J19: 21.3 | L19: 24.83 | M19: 0.45 | N19: 7.7 | O19: 5.82 | P19: 0.23 | Q19: 0.03 | R19: =SUM(H19:Q19) -> 100 | S19: 12 | T19: =S19/(H19*'Molecular Weight'!$C$2/'Molecular Weight'!$D$2+I19*'Molecular Weight'!$C$3/'Molecular Weight'!$D$3+J19*'Molecular Weight'!$C$4/'Molecular Weight'!$D$4+K19*'Molecular Weight'!$C$5/'Molecular Weight'!$D$5+L19*'Molecular Weight'!$C$6/'Molecular Weight'!$D$6+M19*'Molecular Weight'!$C$8/'Molecular Weight'!$D$8+N19*'Molecular Weight'!$C$9/'Molecular Weight'!$D$9+O19*'Molecular Weight'!$C$10/'Molecular Weight'!$D$10+P19*'Molecular Weight'!$C$11/'Molecular Weight'!$D$11+Q19*'Molecular Weight'!$C$12/'Molecular Weight'!$D$12) -> 4.6494427 | U19: =H19*T19*'Molecular Weight'!$B$2/'Molecular Weight'!$D$2 -> 2.9159621 | V19: =I19*T19*'Molecular Weight'!$B$3/'Molecular Weight'!$D$3 -> 0.11405391 | W19: =T19*J19*'Molecular Weight'!$B$4/'Molecular Weight'!$D$4 -> 1.9425879 | X19: =K19*T19*'Molecular Weight'!$B$5/'Molecular Weight'!$D$5 -> 0 | Y19: =L19*T19*'Molecular Weight'!$B$6/'Molecular Weight'!$D$6 -> 1.6069831 | Z19: =M19*T19*'Molecular Weight'!$B$8/'Molecular Weight'!$D$8 -> 0.029493223 | AA19: =N19*T19*'Molecular Weight'!$B$9/'Molecular Weight'!$D$9 -> 0.88835506 | AB19: =O19*T19*'Molecular Weight'!$B$10/'Molecular Weight'!$D$10 -> 0.48252063 | AC19: =P19*T19*'Molecular Weight'!$B$11/'Molecular Weight'!$D$11 -> 0.034506997 | AD19: =Q19*T19*'Molecular Weight'!$B$12/'Molecular Weight'!$D$12 -> 0.0029614285 | AE19: =SUM(U19:AD19) -> 8.0174243 | AF19: =IF(IF(2*12*(1-8/AE19)<0,0,2*12*(1-8/AE19))<Y19,IF(2*12*(1-8/AE19)<0,0,2*12*(1-8/AE19)),Y19) -> 0.052159217 | AG19: =AF19/Y19 -> 0.032457851 | AH19: =Y19-AF19 -> 1.5548238 | AI19: =SUM(U19,V19) -> 3.030016 | AJ19: =SUM(AA19,AB19,Z19,Y19) -> 3.007352
... A55: Auzanneau 2009 | B55: 10.1007/s00410-009-0412-7 | C55: ME211 | D55: 8 | E55: 900 | F55: Metagreywacke | G55: Basaltic | H55: 38.9 | I55: 0.22 | J55: 21.83 | L55: 25.07 | M55: 0.32 | N55: 6.64 | O55: 6.82 | P55: 0.13 | Q55: 0.02 | R55: =SUM(H55:Q55) -> 99.95 | S55: 12 | T55: =S55/(H55*'Molecular Weight'!$C$2/'Molecular Weight'!$D$2+I55*'Molecular Weight'!$C$3/'Molecular Weight'!$D$3+J55*'Molecular Weight'!$C$4/'Molecular Weight'!$D$4+K55*'Molecular Weight'!$C$5/'Molecular Weight'!$D$5+L55*'Molecular Weight'!$C$6/'Molecular Weight'!$D$6+M55*'Molecular Weight'!$C$8/'Molecular Weight'!$D$8+N55*'Molecular Weight'!$C$9/'Molecular Weight'!$D$9+O55*'Molecular Weight'!$C$10/'Molecular Weight'!$D$10+P55*'Molecular Weight'!$C$11/'Molecular Weight'!$D$11+Q55*'Molecular Weight'!$C$12/'Molecular Weight'!$D$12) -> 4.642302 | U55: =H55*T55*'Molecular Weight'!$B$2/'Molecular Weight'!$D$2 -> 3.0057514 | V55: =I55*T55*'Molecular Weight'!$B$3/'Molecular Weight'!$D$3 -> 0.012782308 | W55: =T55*J55*'Molecular Weight'!$B$4/'Molecular Weight'!$D$4 -> 1.9878669 | X55: =K55*T55*'Molecular Weight'!$B$5/'Molecular Weight'!$D$5 -> 0 | Y55: =L55*T55*'Molecular Weight'!$B$6/'Molecular Weight'!$D$6 -> 1.6200238 | Z55: =M55*T55*'Molecular Weight'!$B$8/'Molecular Weight'!$D$8 -> 0.020940748 | AA55: =N55*T55*'Molecular Weight'!$B$9/'Molecular Weight'!$D$9 -> 0.76488549 | AB55: =O55*T55*'Molecular Weight'!$B$10/'Molecular Weight'!$D$10 -> 0.56455955 | AC55: =P55*T55*'Molecular Weight'!$B$11/'Molecular Weight'!$D$11 -> 0.019474 | AD55: =Q55*T55*'Molecular Weight'!$B$12/'Molecular Weight'!$D$12 -> 0.0019712535 | AE55: =SUM(U55:AD55) -> 7.9982554 | AF55: =IF(IF(2*12*(1-8/AE55)<0,0,2*12*(1-8/AE55))<Y55,IF(2*12*(1-8/AE55)<0,0,2*12*(1-8/AE55)),Y55) -> 0 | AG55: =AF55/Y55 -> 0 | AH55: =Y55-AF55 -> 1.6200238 | AI55: =SUM(U55,V55) -> 3.0185338 | AJ55: =SUM(AA55,AB55,Z55,Y55) -> 2.9704096
A56: Ardia et al. (2012) | B56: 10.1016/j.epsl.2012.05.038 | C56: M446 | D56: 5 | E56: 1400 | F56: Peridotite | G56: Peridotitic | H56: 43.13 | I56: 0.26 | J56: 22.08 | K56: 1.84 | L56: 6.05 | M56: 0.2 | N56: 22.66 | O56: 5.08 | P56: 0.02 | Q56: 0 | R56: =SUM(H56:Q56) -> 101.32 | S56: 12 | T56: =S56/(H56*'Molecular Weight'!$C$2/'Molecular Weight'!$D$2+I56*'Molecular Weight'!$C$3/'Molecular Weight'!$D$3+J56*'Molecular Weight'!$C$4/'Molecular Weight'!$D$4+K56*'Molecular Weight'!$C$5/'Molecular Weight'!$D$5+L56*'Molecular Weight'!$C$6/'Molecular Weight'!$D$6+M56*'Molecular Weight'!$C$8/'Molecular Weight'!$D$8+N56*'Molecular Weight'!$C$9/'Molecular Weight'!$D$9+O56*'Molecular Weight'!$C$10/'Molecular Weight'!$D$10+P56*'Molecular Weight'!$C$11/'Molecular Weight'!$D$11+Q56*'Molecular Weight'!$C$12/'Molecular Weight'!$D$12) -> 4.1834151 | U56: =H56*T56*'Molecular Weight'!$B$2/'Molecular Weight'!$D$2 -> 3.003174 | V56: =I56*T56*'Molecular Weight'!$B$3/'Molecular Weight'!$D$3 -> 0.013613115 | W56: =T56*J56*'Molecular Weight'!$B$4/'Molecular Weight'!$D$4 -> 1.8118832 | X56: =K56*T56*'Molecular Weight'!$B$5/'Molecular Weight'!$D$5 -> 0.10128935 | Y56: =L56*T56*'Molecular Weight'!$B$6/'Molecular Weight'!$D$6 -> 0.35230598 | Z56: =M56*T56*'Molecular Weight'!$B$8/'Molecular Weight'!$D$8 -> 0.011794235 | AA56: =N56*T56*'Molecular Weight'!$B$9/'Molecular Weight'!$D$9 -> 2.3522627 | AB56: =O56*T56*'Molecular Weight'!$B$10/'Molecular Weight'!$D$10 -> 0.37895415 | AC56: =P56*T56*'Molecular Weight'!$B$11/'Molecular Weight'!$D$11 -> 0.0026998484 | AD56: =Q56*T56*'Molecular Weight'!$B$12/'Molecular Weight'!$D$12 -> 0 | AE56: =SUM(U56:AD56) -> 8.0279765 | AF56: =IF(IF(2*12*(1-8/AE56)<0,0,2*12*(1-8/AE56))<Y56,IF(2*12*(1-8/AE56)<0,0,2*12*(1-8/AE56)),Y56) -> 0.083637152 | AG56: =AF56/Y56 -> 0.23739919 | AH56: =Y56-AF56 -> 0.26866882 | AI56: =SUM(U56,V56) -> 3.0167871 | AJ56: =SUM(AA56,AB56,Z56,Y56) -> 3.095317
A57: Ardia et al. (2012) | B57: 10.1016/j.epsl.2012.05.038 | C57: M435 | D57: 5 | E57: 1400 | F57: Peridotite | G57: Peridotitic | H57: 41.36 | I57: 0.2 | J57: 22.87 | K57: 1.35 | L57: 6.48 | M57: 0.24 | N57: 21.13 | O57: 5.26 | P57: 0.02 | Q57: 0.03 | R57: =SUM(H57:Q57) -> 98.94 | S57: 12 | T57: =S57/(H57*'Molecular Weight'!$C$2/'Molecular Weight'!$D$2+I57*'Molecular Weight'!$C$3/'Molecular Weight'!$D$3+J57*'Molecular Weight'!$C$4/'Molecular Weight'!$D$4+K57*'Molecular Weight'!$C$5/'Molecular Weight'!$D$5+L57*'Molecular Weight'!$C$6/'Molecular Weight'!$D$6+M57*'Molecular Weight'!$C$8/'Molecular Weight'!$D$8+N57*'Molecular Weight'!$C$9/'Molecular Weight'!$D$9+O57*'Molecular Weight'!$C$10/'Molecular Weight'!$D$10+P57*'Molecular Weight'!$C$11/'Molecular Weight'!$D$11+Q57*'Molecular Weight'!$C$12/'Molecular Weight'!$D$12) -> 4.2953304 | U57: =H57*T57*'Molecular Weight'!$B$2/'Molecular Weight'!$D$2 -> 2.9569718 | V57: =I57*T57*'Molecular Weight'!$B$3/'Molecular Weight'!$D$3 -> 0.010751766 | W57: =T57*J57*'Molecular Weight'!$B$4/'Molecular Weight'!$D$4 -> 1.9269166 | X57: =K57*T57*'Molecular Weight'!$B$5/'Molecular Weight'!$D$5 -> 0.076303652 | Y57: =L57*T57*'Molecular Weight'!$B$6/'Molecular Weight'!$D$6 -> 0.38744072 | Z57: =M57*T57*'Molecular Weight'!$B$8/'Molecular Weight'!$D$8 -> 0.014531707 | AA57: =N57*T57*'Molecular Weight'!$B$9/'Molecular Weight'!$D$9 -> 2.2521174 | AB57: =O57*T57*'Molecular Weight'!$B$10/'Molecular Weight'!$D$10 -> 0.40287871 | AC57: =P57*T57*'Molecular Weight'!$B$11/'Molecular Weight'!$D$11 -> 0.0027720751 | AD57: =Q57*T57*'Molecular Weight'!$B$12/'Molecular Weight'!$D$12 -> 0.0027358792 | AE57: =SUM(U57:AD57) -> 8.0334203 | AF57: =IF(IF(2*12*(1-8/AE57)<0,0,2*12*(1-8/AE57))<Y57,IF(2*12*(1-8/AE57)<0,0,2*12*(1-8/AE57)),Y57) -> 0.099843782 | AG57: =AF57/Y57 -> 0.2577008 | AH57: =Y57-AF57 -> 0.28759694 | AI57: =SUM(U57,V57) -> 2.9677236 | AJ57: =SUM(AA57,AB57,Z57,Y57) -> 3.0569685
A58: Ardia et al. (2012) | B58: 10.1016/j.epsl.2012.05.038 | C58: M439 | D58: 5 | E58: 1400 | F58: Peridotite | G58: Peridotitic | H58: 39.64 | I58: 0.3 | J58: 19.26 | K58: 1.46 | L58: 5.93 | M58: 0.19 | N58: 20.17 | O58: 5.34 | P58: 0.5 | Q58: 0.12 | R58: =SUM(H58:Q58) -> 92.91 | S58: 12 | T58: =S58/(H58*'Molecular Weight'!$C$2/'Molecular Weight'!$D$2+I58*'Molecular Weight'!$C$3/'Molecular Weight'!$D$3+J58*'Molecular Weight'!$C$4/'Molecular Weight'!$D$4+K58*'Molecular Weight'!$C$5/'Molecular Weight'!$D$5+L58*'Molecular Weight'!$C$6/'Molecular Weight'!$D$6+M58*'Molecular Weight'!$C$8/'Molecular Weight'!$D$8+N58*'Molecular Weight'!$C$9/'Molecular Weight'!$D$9+O58*'Molecular Weight'!$C$10/'Molecular Weight'!$D$10+P58*'Molecular Weight'!$C$11/'Molecular Weight'!$D$11+Q58*'Molecular Weight'!$C$12/'Molecular Weight'!$D$12) -> 4.5926421 | U58: =H58*T58*'Molecular Weight'!$B$2/'Molecular Weight'!$D$2 -> 3.0301653 | V58: =I58*T58*'Molecular Weight'!$B$3/'Molecular Weight'!$D$3 -> 0.017243963 | W58: =T58*J58*'Molecular Weight'!$B$4/'Molecular Weight'!$D$4 -> 1.7350782 | X58: =K58*T58*'Molecular Weight'!$B$5/'Molecular Weight'!$D$5 -> 0.088232877 | Y58: =L58*T58*'Molecular Weight'!$B$6/'Molecular Weight'!$D$6 -> 0.37909755 | Z58: =M58*T58*'Molecular Weight'!$B$8/'Molecular Weight'!$D$8 -> 0.012300564 | AA58: =N58*T58*'Molecular Weight'!$B$9/'Molecular Weight'!$D$9 -> 2.2986003 | AB58: =O58*T58*'Molecular Weight'!$B$10/'Molecular Weight'!$D$10 -> 0.43731649 | AC58: =P58*T58*'Molecular Weight'!$B$11/'Molecular Weight'!$D$11 -> 0.074098776 | AD58: =Q58*T58*'Molecular Weight'!$B$12/'Molecular Weight'!$D$12 -> 0.011700999 | AE58: =SUM(U58:AD58) -> 8.083835 | AF58: =IF(IF(2*12*(1-8/AE58)<0,0,2*12*(1-8/AE58))<Y58,IF(2*12*(1-8/AE58)<0,0,2*12*(1-8/AE58)),Y58) -> 0.24889685 | AG58: =AF58/Y58 -> 0.65655094 | AH58: =Y58-AF58 -> 0.13020069 | AI58: =SUM(U58,V58) -> 3.0474093 | AJ58: =SUM(AA58,AB58,Z58,Y58) -> 3.1273149
A59: Ardia et al. (2012) | B59: 10.1016/j.epsl.2012.05.038 | C59: M453 | D59: 5 | E59: 1450 | F59: Peridotite | G59: Peridotitic | H59: 43.75 | I59: 0.15 | J59: 23.31 | K59: 1.8 | L59: 4.94 | M59: 0.16 | N59: 23.14 | O59: 4.61 | P59: 0.01 | Q59: 0 | R59: =SUM(H59:Q59) -> 101.87 | S59: 12 | T59: =S59/(H59*'Molecular Weight'!$C$2/'Molecular Weight'!$D$2+I59*'Molecular Weight'!$C$3/'Molecular Weight'!$D$3+J59*'Molecular Weight'!$C$4/'Molecular Weight'!$D$4+K59*'Molecular Weight'!$C$5/'Molecular Weight'!$D$5+L59*'Molecular Weight'!$C$6/'Molecular Weight'!$D$6+M59*'Molecular Weight'!$C$8/'Molecular Weight'!$D$8+N59*'Molecular Weight'!$C$9/'Molecular Weight'!$D$9+O59*'Molecular Weight'!$C$10/'Molecular Weight'!$D$10+P59*'Molecular Weight'!$C$11/'Molecular Weight'!$D$11+Q59*'Molecular Weight'!$C$12/'Molecular Weight'!$D$12) -> 4.1249726 | U59: =H59*T59*'Molecular Weight'!$B$2/'Molecular Weight'!$D$2 -> 3.0037874 | V59: =I59*T59*'Molecular Weight'!$B$3/'Molecular Weight'!$D$3 -> 0.0077440036 | W59: =T59*J59*'Molecular Weight'!$B$4/'Molecular Weight'!$D$4 -> 1.8860948 | X59: =K59*T59*'Molecular Weight'!$B$5/'Molecular Weight'!$D$5 -> 0.097703147 | Y59: =L59*T59*'Molecular Weight'!$B$6/'Molecular Weight'!$D$6 -> 0.28364928 | Z59: =M59*T59*'Molecular Weight'!$B$8/'Molecular Weight'!$D$8 -> 0.009303575 | AA59: =N59*T59*'Molecular Weight'!$B$9/'Molecular Weight'!$D$9 -> 2.3685326 | AB59: =O59*T59*'Molecular Weight'!$B$10/'Molecular Weight'!$D$10 -> 0.33908922 | AC59: =P59*T59*'Molecular Weight'!$B$11/'Molecular Weight'!$D$11 -> 0.0013310657 | AD59: =Q59*T59*'Molecular Weight'!$B$12/'Molecular Weight'!$D$12 -> 0 | AE59: =SUM(U59:AD59) -> 7.9972351 | AF59: =IF(IF(2*12*(1-8/AE59)<0,0,2*12*(1-8/AE59))<Y59,IF(2*12*(1-8/AE59)<0,0,2*12*(1-8/AE59)),Y59) -> 0 | AG59: =AF59/Y59 -> 0 | AH59: =Y59-AF59 -> 0.28364928 | AI59: =SUM(U59,V59) -> 3.0115315 | AJ59: =SUM(AA59,AB59,Z59,Y59) -> 3.0005747
A60: Ardia et al. (2012) | B60: 10.1016/j.epsl.2012.05.038 | C60: M462 | D60: 5 | E60: 1500 | F60: Peridotite | G60: Peridotitic | H60: 43.08 | I60: 0.16 | J60: 22.78 | K60: 1.8 | L60: 4.44 | M60: 0.13 | N60: 24.4 | O60: 2.88 | P60: 0.03 | Q60: 0.02 | R60: =SUM(H60:Q60) -> 99.72 | S60: 12 | T60: =S60/(H60*'Molecular Weight'!$C$2/'Molecular Weight'!$D$2+I60*'Molecular Weight'!$C$3/'Molecular Weight'!$D$3+J60*'Molecular Weight'!$C$4/'Molecular Weight'!$D$4+K60*'Molecular Weight'!$C$5/'Molecular Weight'!$D$5+L60*'Molecular Weight'!$C$6/'Molecular Weight'!$D$6+M60*'Molecular Weight'!$C$8/'Molecular Weight'!$D$8+N60*'Molecular Weight'!$C$9/'Molecular Weight'!$D$9+O60*'Molecular Weight'!$C$10/'Molecular Weight'!$D$10+P60*'Molecular Weight'!$C$11/'Molecular Weight'!$D$11+Q60*'Molecular Weight'!$C$12/'Molecular Weight'!$D$12) -> 4.1884356 | U60: =H60*T60*'Molecular Weight'!$B$2/'Molecular Weight'!$D$2 -> 3.0032923 | V60: =I60*T60*'Molecular Weight'!$B$3/'Molecular Weight'!$D$3 -> 0.0083873553 | W60: =T60*J60*'Molecular Weight'!$B$4/'Molecular Weight'!$D$4 -> 1.8715685 | X60: =K60*T60*'Molecular Weight'!$B$5/'Molecular Weight'!$D$5 -> 0.099206316 | Y60: =L60*T60*'Molecular Weight'!$B$6/'Molecular Weight'!$D$6 -> 0.25886211 | Z60: =M60*T60*'Molecular Weight'!$B$8/'Molecular Weight'!$D$8 -> 0.0076754528 | AA60: =N60*T60*'Molecular Weight'!$B$9/'Molecular Weight'!$D$9 -> 2.5359262 | AB60: =O60*T60*'Molecular Weight'!$B$10/'Molecular Weight'!$D$10 -> 0.21509797 | AC60: =P60*T60*'Molecular Weight'!$B$11/'Molecular Weight'!$D$11 -> 0.0040546327 | AD60: =Q60*T60*'Molecular Weight'!$B$12/'Molecular Weight'!$D$12 -> 0.0017785289 | AE60: =SUM(U60:AD60) -> 8.0058495 | AF60: =IF(IF(2*12*(1-8/AE60)<0,0,2*12*(1-8/AE60))<Y60,IF(2*12*(1-8/AE60)<0,0,2*12*(1-8/AE60)),Y60) -> 0.017535585 | AG60: =AF60/Y60 -> 0.067741025 | AH60: =Y60-AF60 -> 0.24132652 | AI60: =SUM(U60,V60) -> 3.0116797 | AJ60: =SUM(AA60,AB60,Z60,Y60) -> 3.0175618
A61: Ardia et al. (2012) | B61: 10.1016/j.epsl.2012.05.038 | C61: M454 | D61: 6 | E61: 1450 | F61: Peridotite | G61: Peridotitic | H61: 43.78 | I61: 0.3 | J61: 22.09 | K61: 1.82 | L61: 6.51 | M61: 0.18 | N61: 22.49 | O61: 4.64 | P61: 0.04 | Q61: 0.01 | R61: =SUM(H61:Q61) -> 101.86 | S61: 12 | T61: =S61/(H61*'Molecular Weight'!$C$2/'Molecular Weight'!$D$2+I61*'Molecular Weight'!$C$3/'Molecular Weight'!$D$3+J61*'Molecular Weight'!$C$4/'Molecular Weight'!$D$4+K61*'Molecular Weight'!$C$5/'Molecular Weight'!$D$5+L61*'Molecular Weight'!$C$6/'Molecular Weight'!$D$6+M61*'Molecular Weight'!$C$8/'Molecular Weight'!$D$8+N61*'Molecular Weight'!$C$9/'Molecular Weight'!$D$9+O61*'Molecular Weight'!$C$10/'Molecular Weight'!$D$10+P61*'Molecular Weight'!$C$11/'Molecular Weight'!$D$11+Q61*'Molecular Weight'!$C$12/'Molecular Weight'!$D$12) -> 4.1587332 | U61: =H61*T61*'Molecular Weight'!$B$2/'Molecular Weight'!$D$2 -> 3.0304484 | V61: =I61*T61*'Molecular Weight'!$B$3/'Molecular Weight'!$D$3 -> 0.015614768 | W61: =T61*J61*'Molecular Weight'!$B$4/'Molecular Weight'!$D$4 -> 1.8020089 | X61: =K61*T61*'Molecular Weight'!$B$5/'Molecular Weight'!$D$5 -> 0.099597268 | Y61: =L61*T61*'Molecular Weight'!$B$6/'Molecular Weight'!$D$6 -> 0.37685625 | Z61: =M61*T61*'Molecular Weight'!$B$8/'Molecular Weight'!$D$8 -> 0.010552185 | AA61: =N61*T61*'Molecular Weight'!$B$9/'Molecular Weight'!$D$9 -> 2.3208414 | AB61: =O61*T61*'Molecular Weight'!$B$10/'Molecular Weight'!$D$10 -> 0.34408919 | AC61: =P61*T61*'Molecular Weight'!$B$11/'Molecular Weight'!$D$11 -> 0.0053678389 | AD61: =Q61*T61*'Molecular Weight'!$B$12/'Molecular Weight'!$D$12 -> 0.00088295821 | AE61: =SUM(U61:AD61) -> 8.0062592 | AF61: =IF(IF(2*12*(1-8/AE61)<0,0,2*12*(1-8/AE61))<Y61,IF(2*12*(1-8/AE61)<0,0,2*12*(1-8/AE61)),Y61) -> 0.018762815 | AG61: =AF61/Y61 -> 0.049787724 | AH61: =Y61-AF61 -> 0.35809343 | AI61: =SUM(U61,V61) -> 3.0460631 | AJ61: =SUM(AA61,AB61,Z61,Y61) -> 3.052339
A62: Ardia et al. (2012) | B62: 10.1016/j.epsl.2012.05.038 | C62: M466 | D62: 6 | E62: 1450 | F62: Peridotite | G62: Peridotitic | H62: 42.9 | I62: 0.2 | J62: 22 | K62: 1.58 | L62: 6.9 | M62: 0.15 | N62: 22.2 | O62: 4.4 | P62: 0.05 | Q62: 0.02 | R62: =SUM(H62:Q62) -> 100.4 | S62: 12 | T62: =S62/(H62*'Molecular Weight'!$C$2/'Molecular Weight'!$D$2+I62*'Molecular Weight'!$C$3/'Molecular Weight'!$D$3+J62*'Molecular Weight'!$C$4/'Molecular Weight'!$D$4+K62*'Molecular Weight'!$C$5/'Molecular Weight'!$D$5+L62*'Molecular Weight'!$C$6/'Molecular Weight'!$D$6+M62*'Molecular Weight'!$C$8/'Molecular Weight'!$D$8+N62*'Molecular Weight'!$C$9/'Molecular Weight'!$D$9+O62*'Molecular Weight'!$C$10/'Molecular Weight'!$D$10+P62*'Molecular Weight'!$C$11/'Molecular Weight'!$D$11+Q62*'Molecular Weight'!$C$12/'Molecular Weight'!$D$12) -> 4.2251897 | U62: =H62*T62*'Molecular Weight'!$B$2/'Molecular Weight'!$D$2 -> 3.016988 | V62: =I62*T62*'Molecular Weight'!$B$3/'Molecular Weight'!$D$3 -> 0.010576195 | W62: =T62*J62*'Molecular Weight'!$B$4/'Molecular Weight'!$D$4 -> 1.8233459 | X62: =K62*T62*'Molecular Weight'!$B$5/'Molecular Weight'!$D$5 -> 0.08784525 | Y62: =L62*T62*'Molecular Weight'!$B$6/'Molecular Weight'!$D$6 -> 0.40581583 | Z62: =M62*T62*'Molecular Weight'!$B$8/'Molecular Weight'!$D$8 -> 0.008934007 | AA62: =N62*T62*'Molecular Weight'!$B$9/'Molecular Weight'!$D$9 -> 2.3275239 | AB62: =O62*T62*'Molecular Weight'!$B$10/'Molecular Weight'!$D$10 -> 0.33150561 | AC62: =P62*T62*'Molecular Weight'!$B$11/'Molecular Weight'!$D$11 -> 0.0068170212 | AD62: =Q62*T62*'Molecular Weight'!$B$12/'Molecular Weight'!$D$12 -> 0.0017941358 | AE62: =SUM(U62:AD62) -> 8.0211458 | AF62: =IF(IF(2*12*(1-8/AE62)<0,0,2*12*(1-8/AE62))<Y62,IF(2*12*(1-8/AE62)<0,0,2*12*(1-8/AE62)),Y62) -> 0.063270196 | AG62: =AF62/Y62 -> 0.15590865 | AH62: =Y62-AF62 -> 0.34254563 | AI62: =SUM(U62,V62) -> 3.0275642 | AJ62: =SUM(AA62,AB62,Z62,Y62) -> 3.0737793
A63: Ardia et al. (2012) | B63: 10.1016/j.epsl.2012.05.038 | C63: M464 | D63: 6 | E63: 1450 | F63: Peridotite | G63: Peridotitic | H63: 42.3 | I63: 0.2 | J63: 21.3 | K63: 1.6 | L63: 7.4 | M63: 0.17 | N63: 21.9 | O63: 4.44 | P63: 0.05 | Q63: 0.02 | R63: =SUM(H63:Q63) -> 99.38 | S63: 12 | T63: =S63/(H63*'Molecular Weight'!$C$2/'Molecular Weight'!$D$2+I63*'Molecular Weight'!$C$3/'Molecular Weight'!$D$3+J63*'Molecular Weight'!$C$4/'Molecular Weight'!$D$4+K63*'Molecular Weight'!$C$5/'Molecular Weight'!$D$5+L63*'Molecular Weight'!$C$6/'Molecular Weight'!$D$6+M63*'Molecular Weight'!$C$8/'Molecular Weight'!$D$8+N63*'Molecular Weight'!$C$9/'Molecular Weight'!$D$9+O63*'Molecular Weight'!$C$10/'Molecular Weight'!$D$10+P63*'Molecular Weight'!$C$11/'Molecular Weight'!$D$11+Q63*'Molecular Weight'!$C$12/'Molecular Weight'!$D$12) -> 4.285033 | U63: =H63*T63*'Molecular Weight'!$B$2/'Molecular Weight'!$D$2 -> 3.0169257 | V63: =I63*T63*'Molecular Weight'!$B$3/'Molecular Weight'!$D$3 -> 0.01072599 | W63: =T63*J63*'Molecular Weight'!$B$4/'Molecular Weight'!$D$4 -> 1.7903335 | X63: =K63*T63*'Molecular Weight'!$B$5/'Molecular Weight'!$D$5 -> 0.090217157 | Y63: =L63*T63*'Molecular Weight'!$B$6/'Molecular Weight'!$D$6 -> 0.44138703 | Z63: =M63*T63*'Molecular Weight'!$B$8/'Molecular Weight'!$D$8 -> 0.010268616 | AA63: =N63*T63*'Molecular Weight'!$B$9/'Molecular Weight'!$D$9 -> 2.3285911 | AB63: =O63*T63*'Molecular Weight'!$B$10/'Molecular Weight'!$D$10 -> 0.33925725 | AC63: =P63*T63*'Molecular Weight'!$B$11/'Molecular Weight'!$D$11 -> 0.0069135737 | AD63: =Q63*T63*'Molecular Weight'!$B$12/'Molecular Weight'!$D$12 -> 0.0018195469 | AE63: =SUM(U63:AD63) -> 8.0364395 | AF63: =IF(IF(2*12*(1-8/AE63)<0,0,2*12*(1-8/AE63))<Y63,IF(2*12*(1-8/AE63)<0,0,2*12*(1-8/AE63)),Y63) -> 0.1088229 | AG63: =AF63/Y63 -> 0.24654757 | AH63: =Y63-AF63 -> 0.33256413 | AI63: =SUM(U63,V63) -> 3.0276517 | AJ63: =SUM(AA63,AB63,Z63,Y63) -> 3.119504
A64: Ardia et al. (2012) | B64: 10.1016/j.epsl.2012.05.038 | C64: M456 | D64: 7 | E64: 1450 | F64: Peridotite | G64: Peridotitic | H64: 42.8 | I64: 0.3 | J64: 21.4 | K64: 1.83 | L64: 6.7 | M64: 0.15 | N64: 22.9 | O64: 4.6 | P64: 0.15 | Q64: 0.02 | R64: =SUM(H64:Q64) -> 100.85 | S64: 12 | T64: =S64/(H64*'Molecular Weight'!$C$2/'Molecular Weight'!$D$2+I64*'Molecular Weight'!$C$3/'Molecular Weight'!$D$3+J64*'Molecular Weight'!$C$4/'Molecular Weight'!$D$4+K64*'Molecular Weight'!$C$5/'Molecular Weight'!$D$5+L64*'Molecular Weight'!$C$6/'Molecular Weight'!$D$6+M64*'Molecular Weight'!$C$8/'Molecular Weight'!$D$8+N64*'Molecular Weight'!$C$9/'Molecular Weight'!$D$9+O64*'Molecular Weight'!$C$10/'Molecular Weight'!$D$10+P64*'Molecular Weight'!$C$11/'Molecular Weight'!$D$11+Q64*'Molecular Weight'!$C$12/'Molecular Weight'!$D$12) -> 4.2159561 | U64: =H64*T64*'Molecular Weight'!$B$2/'Molecular Weight'!$D$2 -> 3.0033775 | V64: =I64*T64*'Molecular Weight'!$B$3/'Molecular Weight'!$D$3 -> 0.015829622 | W64: =T64*J64*'Molecular Weight'!$B$4/'Molecular Weight'!$D$4 -> 1.7697423 | X64: =K64*T64*'Molecular Weight'!$B$5/'Molecular Weight'!$D$5 -> 0.10152246 | Y64: =L64*T64*'Molecular Weight'!$B$6/'Molecular Weight'!$D$6 -> 0.3931919 | Z64: =M64*T64*'Molecular Weight'!$B$8/'Molecular Weight'!$D$8 -> 0.0089144828 | AA64: =N64*T64*'Molecular Weight'!$B$9/'Molecular Weight'!$D$9 -> 2.3956674 | AB64: =O64*T64*'Molecular Weight'!$B$10/'Molecular Weight'!$D$10 -> 0.34581665 | AC64: =P64*T64*'Molecular Weight'!$B$11/'Molecular Weight'!$D$11 -> 0.02040637 | AD64: =Q64*T64*'Molecular Weight'!$B$12/'Molecular Weight'!$D$12 -> 0.0017902149 | AE64: =SUM(U64:AD64) -> 8.0562588 | AF64: =IF(IF(2*12*(1-8/AE64)<0,0,2*12*(1-8/AE64))<Y64,IF(2*12*(1-8/AE64)<0,0,2*12*(1-8/AE64)),Y64) -> 0.16759782 | AG64: =AF64/Y64 -> 0.42624944 | AH64: =Y64-AF64 -> 0.22559407 | AI64: =SUM(U64,V64) -> 3.0192071 | AJ64: =SUM(AA64,AB64,Z64,Y64) -> 3.1435904
A65: Ardia et al. (2012) | B65: 10.1016/j.epsl.2012.05.038 | C65: M460 | D65: 8 | E65: 1450 | F65: Peridotite | G65: Peridotitic | H65: 43.3 | I65: 0.28 | J65: 21.45 | K65: 1.72 | L65: 4.17 | M65: 0.18 | N65: 23.86 | O65: 4.35 | P65: 0.13 | Q65: 0.03 | R65: =SUM(H65:Q65) -> 99.47 | S65: 12 | T65: =S65/(H65*'Molecular Weight'!$C$2/'Molecular Weight'!$D$2+I65*'Molecular Weight'!$C$3/'Molecular Weight'!$D$3+J65*'Molecular Weight'!$C$4/'Molecular Weight'!$D$4+K65*'Molecular Weight'!$C$5/'Molecular Weight'!$D$5+L65*'Molecular Weight'!$C$6/'Molecular Weight'!$D$6+M65*'Molecular Weight'!$C$8/'Molecular Weight'!$D$8+N65*'Molecular Weight'!$C$9/'Molecular Weight'!$D$9+O65*'Molecular Weight'!$C$10/'Molecular Weight'!$D$10+P65*'Molecular Weight'!$C$11/'Molecular Weight'!$D$11+Q65*'Molecular Weight'!$C$12/'Molecular Weight'!$D$12) -> 4.2162576 | U65: =H65*T65*'Molecular Weight'!$B$2/'Molecular Weight'!$D$2 -> 3.038681 | V65: =I65*T65*'Molecular Weight'!$B$3/'Molecular Weight'!$D$3 -> 0.014775371 | W65: =T65*J65*'Molecular Weight'!$B$4/'Molecular Weight'!$D$4 -> 1.774004 | X65: =K65*T65*'Molecular Weight'!$B$5/'Molecular Weight'!$D$5 -> 0.095426845 | Y65: =L65*T65*'Molecular Weight'!$B$6/'Molecular Weight'!$D$6 -> 0.24473544 | Z65: =M65*T65*'Molecular Weight'!$B$8/'Molecular Weight'!$D$8 -> 0.010698144 | AA65: =N65*T65*'Molecular Weight'!$B$9/'Molecular Weight'!$D$9 -> 2.4962756 | AB65: =O65*T65*'Molecular Weight'!$B$10/'Molecular Weight'!$D$10 -> 0.32704566 | AC65: =P65*T65*'Molecular Weight'!$B$11/'Molecular Weight'!$D$11 -> 0.017686786 | AD65: =Q65*T65*'Molecular Weight'!$B$12/'Molecular Weight'!$D$12 -> 0.0026855144 | AE65: =SUM(U65:AD65) -> 8.0220144 | AF65: =IF(IF(2*12*(1-8/AE65)<0,0,2*12*(1-8/AE65))<Y65,IF(2*12*(1-8/AE65)<0,0,2*12*(1-8/AE65)),Y65) -> 0.065861835 | AG65: =AF65/Y65 -> 0.26911441 | AH65: =Y65-AF65 -> 0.17887361 | AI65: =SUM(U65,V65) -> 3.0534564 | AJ65: =SUM(AA65,AB65,Z65,Y65) -> 3.0787548
A66: Ardia et al. (2012) | B66: 10.1016/j.epsl.2012.05.038 | C66: M473 | D66: 8 | E66: 1450 | F66: Peridotite | G66: Peridotitic | H66: 42.71 | I66: 0.18 | J66: 21.95 | K66: 1.75 | L66: 5.93 | M66: 0.16 | N66: 22.24 | O66: 3.9 | P66: 0.07 | Q66: 0.03 | R66: =SUM(H66:Q66) -> 98.92 | S66: 12 | T66: =S66/(H66*'Molecular Weight'!$C$2/'Molecular Weight'!$D$2+I66*'Molecular Weight'!$C$3/'Molecular Weight'!$D$3+J66*'Molecular Weight'!$C$4/'Molecular Weight'!$D$4+K66*'Molecular Weight'!$C$5/'Molecular Weight'!$D$5+L66*'Molecular Weight'!$C$6/'Molecular Weight'!$D$6+M66*'Molecular Weight'!$C$8/'Molecular Weight'!$D$8+N66*'Molecular Weight'!$C$9/'Molecular Weight'!$D$9+O66*'Molecular Weight'!$C$10/'Molecular Weight'!$D$10+P66*'Molecular Weight'!$C$11/'Molecular Weight'!$D$11+Q66*'Molecular Weight'!$C$12/'Molecular Weight'!$D$12) -> 4.2639192 | U66: =H66*T66*'Molecular Weight'!$B$2/'Molecular Weight'!$D$2 -> 3.0311583 | V66: =I66*T66*'Molecular Weight'!$B$3/'Molecular Weight'!$D$3 -> 0.0096058255 | W66: =T66*J66*'Molecular Weight'!$B$4/'Molecular Weight'!$D$4 -> 1.8358773 | X66: =K66*T66*'Molecular Weight'!$B$5/'Molecular Weight'!$D$5 -> 0.09818881 | Y66: =L66*T66*'Molecular Weight'!$B$6/'Molecular Weight'!$D$6 -> 0.35196326 | Z66: =M66*T66*'Molecular Weight'!$B$8/'Molecular Weight'!$D$8 -> 0.009616959 | AA66: =N66*T66*'Molecular Weight'!$B$9/'Molecular Weight'!$D$9 -> 2.3530909 | AB66: =O66*T66*'Molecular Weight'!$B$10/'Molecular Weight'!$D$10 -> 0.2965279 | AC66: =P66*T66*'Molecular Weight'!$B$11/'Molecular Weight'!$D$11 -> 0.0096313115 | AD66: =Q66*T66*'Molecular Weight'!$B$12/'Molecular Weight'!$D$12 -> 0.0027158721 | AE66: =SUM(U66:AD66) -> 7.9983764 | AF66: =IF(IF(2*12*(1-8/AE66)<0,0,2*12*(1-8/AE66))<Y66,IF(2*12*(1-8/AE66)<0,0,2*12*(1-8/AE66)),Y66) -> 0 | AG66: =AF66/Y66 -> 0 | AH66: =Y66-AF66 -> 0.35196326 | AI66: =SUM(U66,V66) -> 3.0407641 | AJ66: =SUM(AA66,AB66,Z66,Y66) -> 3.011199
A67: Ardia et al. (2012) | B67: 10.1016/j.epsl.2012.05.038 | C67: M442 | D67: 6 | E67: 1400 | F67: Peridotite | G67: Peridotitic | H67: 43.8 | I67: 0.17 | J67: 23.01 | K67: 1.75 | L67: 5.11 | M67: 0.22 | N67: 22.38 | O67: 5.07 | P67: 0.1 | Q67: 0.1 | R67: =SUM(H67:Q67) -> 101.71 | S67: 12 | T67: =S67/(H67*'Molecular Weight'!$C$2/'Molecular Weight'!$D$2+I67*'Molecular Weight'!$C$3/'Molecular Weight'!$D$3+J67*'Molecular Weight'!$C$4/'Molecular Weight'!$D$4+K67*'Molecular Weight'!$C$5/'Molecular Weight'!$D$5+L67*'Molecular Weight'!$C$6/'Molecular Weight'!$D$6+M67*'Molecular Weight'!$C$8/'Molecular Weight'!$D$8+N67*'Molecular Weight'!$C$9/'Molecular Weight'!$D$9+O67*'Molecular Weight'!$C$10/'Molecular Weight'!$D$10+P67*'Molecular Weight'!$C$11/'Molecular Weight'!$D$11+Q67*'Molecular Weight'!$C$12/'Molecular Weight'!$D$12) -> 4.1428864 | U67: =H67*T67*'Molecular Weight'!$B$2/'Molecular Weight'!$D$2 -> 3.0202801 | V67: =I67*T67*'Molecular Weight'!$B$3/'Molecular Weight'!$D$3 -> 0.008814652 | W67: =T67*J67*'Molecular Weight'!$B$4/'Molecular Weight'!$D$4 -> 1.8699062 | X67: =K67*T67*'Molecular Weight'!$B$5/'Molecular Weight'!$D$5 -> 0.095401688 | Y67: =L67*T67*'Molecular Weight'!$B$6/'Molecular Weight'!$D$6 -> 0.29468471 | Z67: =M67*T67*'Molecular Weight'!$B$8/'Molecular Weight'!$D$8 -> 0.01284797 | AA67: =N67*T67*'Molecular Weight'!$B$9/'Molecular Weight'!$D$9 -> 2.3006898 | AB67: =O67*T67*'Molecular Weight'!$B$10/'Molecular Weight'!$D$10 -> 0.37454412 | AC67: =P67*T67*'Molecular Weight'!$B$11/'Molecular Weight'!$D$11 -> 0.013368462 | AD67: =Q67*T67*'Molecular Weight'!$B$12/'Molecular Weight'!$D$12 -> 0.0087959372 | AE67: =SUM(U67:AD67) -> 7.9993336 | AF67: =IF(IF(2*12*(1-8/AE67)<0,0,2*12*(1-8/AE67))<Y67,IF(2*12*(1-8/AE67)<0,0,2*12*(1-8/AE67)),Y67) -> 0 | AG67: =AF67/Y67 -> 0 | AH67: =Y67-AF67 -> 0.29468471 | AI67: =SUM(U67,V67) -> 3.0290947 | AJ67: =SUM(AA67,AB67,Z67,Y67) -> 2.9827666
A68: Brey et al (2015) | B68: 10.1007/s00410-015-1166-z | C68: M463 | D68: 7.5 | E68: 900 | F68: Sediment | G68: Basaltic | H68: 38.6 | I68: 0.24 | J68: 21.5 | L68: 24.3 | N68: 2.96 | O68: 12.6 | P68: 0.3 | Q68: 0.03 | R68: =SUM(H68:Q68) -> 100.53 | S68: 12 | T68: =S68/(H68*'Molecular Weight'!$C$2/'Molecular Weight'!$D$2+I68*'Molecular Weight'!$C$3/'Molecular Weight'!$D$3+J68*'Molecular Weight'!$C$4/'Molecular Weight'!$D$4+K68*'Molecular Weight'!$C$5/'Molecular Weight'!$D$5+L68*'Molecular Weight'!$C$6/'Molecular Weight'!$D$6+M68*'Molecular Weight'!$C$8/'Molecular Weight'!$D$8+N68*'Molecular Weight'!$C$9/'Molecular Weight'!$D$9+O68*'Molecular Weight'!$C$10/'Molecular Weight'!$D$10+P68*'Molecular Weight'!$C$11/'Molecular Weight'!$D$11+Q68*'Molecular Weight'!$C$12/'Molecular Weight'!$D$12) -> 4.6781793 | U68: =H68*T68*'Molecular Weight'!$B$2/'Molecular Weight'!$D$2 -> 3.0056212 | V68: =I68*T68*'Molecular Weight'!$B$3/'Molecular Weight'!$D$3 -> 0.014052103 | W68: =T68*J68*'Molecular Weight'!$B$4/'Molecular Weight'!$D$4 -> 1.9729473 | X68: =K68*T68*'Molecular Weight'!$B$5/'Molecular Weight'!$D$5 -> 0 | Y68: =L68*T68*'Molecular Weight'!$B$6/'Molecular Weight'!$D$6 -> 1.582402 | Z68: =M68*T68*'Molecular Weight'!$B$8/'Molecular Weight'!$D$8 -> 0 | AA68: =N68*T68*'Molecular Weight'!$B$9/'Molecular Weight'!$D$9 -> 0.34360821 | AB68: =O68*T68*'Molecular Weight'!$B$10/'Molecular Weight'!$D$10 -> 1.0510888 | AC68: =P68*T68*'Molecular Weight'!$B$11/'Molecular Weight'!$D$11 -> 0.045287311 | AD68: =Q68*T68*'Molecular Weight'!$B$12/'Molecular Weight'!$D$12 -> 0.002979732 | AE68: =SUM(U68:AD68) -> 8.0179866 | AF68: =IF(IF(2*12*(1-8/AE68)<0,0,2*12*(1-8/AE68))<Y68,IF(2*12*(1-8/AE68)<0,0,2*12*(1-8/AE68)),Y68) -> 0.053838706 | AG68: =AF68/Y68 -> 0.034023407 | AH68: =Y68-AF68 -> 1.5285632 | AI68: =SUM(U68,V68) -> 3.0196733 | AJ68: =SUM(AA68,AB68,Z68,Y68) -> 2.9770989
A69: Brey et al (2015) | B69: 10.1007/s00410-015-1166-z | C69: M438 | D69: 7.5 | E69: 1000 | F69: Sediment | G69: Basaltic | H69: 39 | I69: 0.28 | J69: 21.7 | L69: 21.2 | N69: 5.6 | O69: 10.8 | P69: 0.5 | Q69: 0 | R69: =SUM(H69:Q69) -> 99.08 | S69: 12 | T69: =S69/(H69*'Molecular Weight'!$C$2/'Molecular Weight'!$D$2+I69*'Molecular Weight'!$C$3/'Molecular Weight'!$D$3+J69*'Molecular Weight'!$C$4/'Molecular Weight'!$D$4+K69*'Molecular Weight'!$C$5/'Molecular Weight'!$D$5+L69*'Molecular Weight'!$C$6/'Molecular Weight'!$D$6+M69*'Molecular Weight'!$C$8/'Molecular Weight'!$D$8+N69*'Molecular Weight'!$C$9/'Molecular Weight'!$D$9+O69*'Molecular Weight'!$C$10/'Molecular Weight'!$D$10+P69*'Molecular Weight'!$C$11/'Molecular Weight'!$D$11+Q69*'Molecular Weight'!$C$12/'Molecular Weight'!$D$12) -> 4.6539216 | U69: =H69*T69*'Molecular Weight'!$B$2/'Molecular Weight'!$D$2 -> 3.021021 | V69: =I69*T69*'Molecular Weight'!$B$3/'Molecular Weight'!$D$3 -> 0.016309112 | W69: =T69*J69*'Molecular Weight'!$B$4/'Molecular Weight'!$D$4 -> 1.9809749 | X69: =K69*T69*'Molecular Weight'!$B$5/'Molecular Weight'!$D$5 -> 0 | Y69: =L69*T69*'Molecular Weight'!$B$6/'Molecular Weight'!$D$6 -> 1.3733733 | Z69: =M69*T69*'Molecular Weight'!$B$8/'Molecular Weight'!$D$8 -> 0 | AA69: =N69*T69*'Molecular Weight'!$B$9/'Molecular Weight'!$D$9 -> 0.64669878 | AB69: =O69*T69*'Molecular Weight'!$B$10/'Molecular Weight'!$D$10 -> 0.89626165 | AC69: =P69*T69*'Molecular Weight'!$B$11/'Molecular Weight'!$D$11 -> 0.075087473 | AD69: =Q69*T69*'Molecular Weight'!$B$12/'Molecular Weight'!$D$12 -> 0 | AE69: =SUM(U69:AD69) -> 8.0097262 | AF69: =IF(IF(2*12*(1-8/AE69)<0,0,2*12*(1-8/AE69))<Y69,IF(2*12*(1-8/AE69)<0,0,2*12*(1-8/AE69)),Y69) -> 0.029143124 | AG69: =AF69/Y69 -> 0.021220104 | AH69: =Y69-AF69 -> 1.3442302 | AI69: =SUM(U69,V69) -> 3.0373301 | AJ69: =SUM(AA69,AB69,Z69,Y69) -> 2.9163337
A70: Brey et al (2015) | B70: 10.1007/s00410-015-1166-z | C70: M433 | D70: 7.5 | E70: 1100 | F70: Sediment | G70: Basaltic | H70: 38.5 | I70: 0.24 | J70: 21.88 | L70: 21.3 | N70: 7.4 | O70: 7.95 | P70: 0.5 | Q70: 0 | R70: =SUM(H70:Q70) -> 97.77 | S70: 12 | T70: =S70/(H70*'Molecular Weight'!$C$2/'Molecular Weight'!$D$2+I70*'Molecular Weight'!$C$3/'Molecular Weight'!$D$3+J70*'Molecular Weight'!$C$4/'Molecular Weight'!$D$4+K70*'Molecular Weight'!$C$5/'Molecular Weight'!$D$5+L70*'Molecular Weight'!$C$6/'Molecular Weight'!$D$6+M70*'Molecular Weight'!$C$8/'Molecular Weight'!$D$8+N70*'Molecular Weight'!$C$9/'Molecular Weight'!$D$9+O70*'Molecular Weight'!$C$10/'Molecular Weight'!$D$10+P70*'Molecular Weight'!$C$11/'Molecular Weight'!$D$11+Q70*'Molecular Weight'!$C$12/'Molecular Weight'!$D$12) -> 4.6850151 | U70: =H70*T70*'Molecular Weight'!$B$2/'Molecular Weight'!$D$2 -> 3.0022151 | V70: =I70*T70*'Molecular Weight'!$B$3/'Molecular Weight'!$D$3 -> 0.014072636 | W70: =T70*J70*'Molecular Weight'!$B$4/'Molecular Weight'!$D$4 -> 2.0107519 | X70: =K70*T70*'Molecular Weight'!$B$5/'Molecular Weight'!$D$5 -> 0 | Y70: =L70*T70*'Molecular Weight'!$B$6/'Molecular Weight'!$D$6 -> 1.3890705 | Z70: =M70*T70*'Molecular Weight'!$B$8/'Molecular Weight'!$D$8 -> 0 | AA70: =N70*T70*'Molecular Weight'!$B$9/'Molecular Weight'!$D$9 -> 0.86027573 | AB70: =O70*T70*'Molecular Weight'!$B$10/'Molecular Weight'!$D$10 -> 0.66415603 | AC70: =P70*T70*'Molecular Weight'!$B$11/'Molecular Weight'!$D$11 -> 0.075589143 | AD70: =Q70*T70*'Molecular Weight'!$B$12/'Molecular Weight'!$D$12 -> 0 | AE70: =SUM(U70:AD70) -> 8.0161309 | AF70: =IF(IF(2*12*(1-8/AE70)<0,0,2*12*(1-8/AE70))<Y70,IF(2*12*(1-8/AE70)<0,0,2*12*(1-8/AE70)),Y70) -> 0.048295411 | AG70: =AF70/Y70 -> 0.03476815 | AH70: =Y70-AF70 -> 1.340775 | AI70: =SUM(U70,V70) -> 3.0162877 | AJ70: =SUM(AA70,AB70,Z70,Y70) -> 2.9135022
A71: Brey et al (2015) | B71: 10.1007/s00410-015-1166-z | C71: M437 | D71: 7.5 | E71: 1300 | F71: Sediment | G71: Basaltic | H71: 38.9 | I71: 0.15 | J71: 22 | L71: 21.7 | N71: 8.7 | O71: 6.5 | P71: 0.55 | Q71: 0 | R71: =SUM(H71:Q71) -> 98.5 | S71: 12 | T71: =S71/(H71*'Molecular Weight'!$C$2/'Molecular Weight'!$D$2+I71*'Molecular Weight'!$C$3/'Molecular Weight'!$D$3+J71*'Molecular Weight'!$C$4/'Molecular Weight'!$D$4+K71*'Molecular Weight'!$C$5/'Molecular Weight'!$D$5+L71*'Molecular Weight'!$C$6/'Molecular Weight'!$D$6+M71*'Molecular Weight'!$C$8/'Molecular Weight'!$D$8+N71*'Molecular Weight'!$C$9/'Molecular Weight'!$D$9+O71*'Molecular Weight'!$C$10/'Molecular Weight'!$D$10+P71*'Molecular Weight'!$C$11/'Molecular Weight'!$D$11+Q71*'Molecular Weight'!$C$12/'Molecular Weight'!$D$12) -> 4.6354809 | U71: =H71*T71*'Molecular Weight'!$B$2/'Molecular Weight'!$D$2 -> 3.001335 | V71: =I71*T71*'Molecular Weight'!$B$3/'Molecular Weight'!$D$3 -> 0.0087024048 | W71: =T71*J71*'Molecular Weight'!$B$4/'Molecular Weight'!$D$4 -> 2.0004037 | X71: =K71*T71*'Molecular Weight'!$B$5/'Molecular Weight'!$D$5 -> 0 | Y71: =L71*T71*'Molecular Weight'!$B$6/'Molecular Weight'!$D$6 -> 1.400194 | Z71: =M71*T71*'Molecular Weight'!$B$8/'Molecular Weight'!$D$8 -> 0 | AA71: =N71*T71*'Molecular Weight'!$B$9/'Molecular Weight'!$D$9 -> 1.0007118 | AB71: =O71*T71*'Molecular Weight'!$B$10/'Molecular Weight'!$D$10 -> 0.53727935 | AC71: =P71*T71*'Molecular Weight'!$B$11/'Molecular Weight'!$D$11 -> 0.082268942 | AD71: =Q71*T71*'Molecular Weight'!$B$12/'Molecular Weight'!$D$12 -> 0 | AE71: =SUM(U71:AD71) -> 8.0308952 | AF71: =IF(IF(2*12*(1-8/AE71)<0,0,2*12*(1-8/AE71))<Y71,IF(2*12*(1-8/AE71)<0,0,2*12*(1-8/AE71)),Y71) -> 0.092328996 | AG71: =AF71/Y71 -> 0.065940146 | AH71: =Y71-AF71 -> 1.307865 | AI71: =SUM(U71,V71) -> 3.0100374 | AJ71: =SUM(AA71,AB71,Z71,Y71) -> 2.9381851
A72: Brey et al (2015) | B72: 10.1007/s00410-015-1166-z | C72: M449 | D72: 7.5 | E72: 1300 | F72: Sediment | G72: Basaltic | H72: 39.9 | I72: 0.11 | J72: 22.2 | L72: 20.1 | N72: 9.4 | O72: 6.88 | P72: 0.52 | Q72: 0 | R72: =SUM(H72:Q72) -> 99.11 | S72: 12 | T72: =S72/(H72*'Molecular Weight'!$C$2/'Molecular Weight'!$D$2+I72*'Molecular Weight'!$C$3/'Molecular Weight'!$D$3+J72*'Molecular Weight'!$C$4/'Molecular Weight'!$D$4+K72*'Molecular Weight'!$C$5/'Molecular Weight'!$D$5+L72*'Molecular Weight'!$C$6/'Molecular Weight'!$D$6+M72*'Molecular Weight'!$C$8/'Molecular Weight'!$D$8+N72*'Molecular Weight'!$C$9/'Molecular Weight'!$D$9+O72*'Molecular Weight'!$C$10/'Molecular Weight'!$D$10+P72*'Molecular Weight'!$C$11/'Molecular Weight'!$D$11+Q72*'Molecular Weight'!$C$12/'Molecular Weight'!$D$12) -> 4.5657053 | U72: =H72*T72*'Molecular Weight'!$B$2/'Molecular Weight'!$D$2 -> 3.0321512 | V72: =I72*T72*'Molecular Weight'!$B$3/'Molecular Weight'!$D$3 -> 0.0062857019 | W72: =T72*J72*'Molecular Weight'!$B$4/'Molecular Weight'!$D$4 -> 1.9882043 | X72: =K72*T72*'Molecular Weight'!$B$5/'Molecular Weight'!$D$5 -> 0 | Y72: =L72*T72*'Molecular Weight'!$B$6/'Molecular Weight'!$D$6 -> 1.2774315 | Z72: =M72*T72*'Molecular Weight'!$B$8/'Molecular Weight'!$D$8 -> 0 | AA72: =N72*T72*'Molecular Weight'!$B$9/'Molecular Weight'!$D$9 -> 1.0649536 | AB72: =O72*T72*'Molecular Weight'!$B$10/'Molecular Weight'!$D$10 -> 0.56012932 | AC72: =P72*T72*'Molecular Weight'!$B$11/'Molecular Weight'!$D$11 -> 0.076610738 | AD72: =Q72*T72*'Molecular Weight'!$B$12/'Molecular Weight'!$D$12 -> 0 | AE72: =SUM(U72:AD72) -> 8.0057663 | AF72: =IF(IF(2*12*(1-8/AE72)<0,0,2*12*(1-8/AE72))<Y72,IF(2*12*(1-8/AE72)<0,0,2*12*(1-8/AE72)),Y72) -> 0.01728654 | AG72: =AF72/Y72 -> 0.013532264 | AH72: =Y72-AF72 -> 1.2601449 | AI72: =SUM(U72,V72) -> 3.0384369 | AJ72: =SUM(AA72,AB72,Z72,Y72) -> 2.9025144
A73: Brey et al (2015) | B73: 10.1007/s00410-015-1166-z | C73: M452 | D73: 9.5 | E73: 1000 | F73: Sediment | G73: Basaltic | H73: 39.3 | I73: 0.3 | J73: 21.6 | L73: 21.8 | N73: 4.9 | O73: 10.9 | P73: 0.6 | Q73: 0.02 | R73: =SUM(H73:Q73) -> 99.42 | S73: 12 | T73: =S73/(H73*'Molecular Weight'!$C$2/'Molecular Weight'!$D$2+I73*'Molecular Weight'!$C$3/'Molecular Weight'!$D$3+J73*'Molecular Weight'!$C$4/'Molecular Weight'!$D$4+K73*'Molecular Weight'!$C$5/'Molecular Weight'!$D$5+L73*'Molecular Weight'!$C$6/'Molecular Weight'!$D$6+M73*'Molecular Weight'!$C$8/'Molecular Weight'!$D$8+N73*'Molecular Weight'!$C$9/'Molecular Weight'!$D$9+O73*'Molecular Weight'!$C$10/'Molecular Weight'!$D$10+P73*'Molecular Weight'!$C$11/'Molecular Weight'!$D$11+Q73*'Molecular Weight'!$C$12/'Molecular Weight'!$D$12) -> 4.6500694 | U73: =H73*T73*'Molecular Weight'!$B$2/'Molecular Weight'!$D$2 -> 3.0417398 | V73: =I73*T73*'Molecular Weight'!$B$3/'Molecular Weight'!$D$3 -> 0.017459585 | W73: =T73*J73*'Molecular Weight'!$B$4/'Molecular Weight'!$D$4 -> 1.9702138 | X73: =K73*T73*'Molecular Weight'!$B$5/'Molecular Weight'!$D$5 -> 0 | Y73: =L73*T73*'Molecular Weight'!$B$6/'Molecular Weight'!$D$6 -> 1.4110734 | Z73: =M73*T73*'Molecular Weight'!$B$8/'Molecular Weight'!$D$8 -> 0 | AA73: =N73*T73*'Molecular Weight'!$B$9/'Molecular Weight'!$D$9 -> 0.56539305 | AB73: =O73*T73*'Molecular Weight'!$B$10/'Molecular Weight'!$D$10 -> 0.90381163 | AC73: =P73*T73*'Molecular Weight'!$B$11/'Molecular Weight'!$D$11 -> 0.090030385 | AD73: =Q73*T73*'Molecular Weight'!$B$12/'Molecular Weight'!$D$12 -> 0.0019745518 | AE73: =SUM(U73:AD73) -> 8.0016962 | AF73: =IF(IF(2*12*(1-8/AE73)<0,0,2*12*(1-8/AE73))<Y73,IF(2*12*(1-8/AE73)<0,0,2*12*(1-8/AE73)),Y73) -> 0.0050874929 | AG73: =AF73/Y73 -> 0.0036054063 | AH73: =Y73-AF73 -> 1.4059859 | AI73: =SUM(U73,V73) -> 3.0591994 | AJ73: =SUM(AA73,AB73,Z73,Y73) -> 2.8802781
A74: Brey et al (2015) | B74: 10.1007/s00410-015-1166-z | C74: M462 | D74: 9.5 | E74: 1300 | F74: Sediment | G74: Basaltic | H74: 40.5 | I74: 0.29 | J74: 22.1 | L74: 23.7 | N74: 7.69 | O74: 7.17 | P74: 0.5 | Q74: 0 | R74: =SUM(H74:Q74) -> 101.95 | S74: 12 | T74: =S74/(H74*'Molecular Weight'!$C$2/'Molecular Weight'!$D$2+I74*'Molecular Weight'!$C$3/'Molecular Weight'!$D$3+J74*'Molecular Weight'!$C$4/'Molecular Weight'!$D$4+K74*'Molecular Weight'!$C$5/'Molecular Weight'!$D$5+L74*'Molecular Weight'!$C$6/'Molecular Weight'!$D$6+M74*'Molecular Weight'!$C$8/'Molecular Weight'!$D$8+N74*'Molecular Weight'!$C$9/'Molecular Weight'!$D$9+O74*'Molecular Weight'!$C$10/'Molecular Weight'!$D$10+P74*'Molecular Weight'!$C$11/'Molecular Weight'!$D$11+Q74*'Molecular Weight'!$C$12/'Molecular Weight'!$D$12) -> 4.5072872 | U74: =H74*T74*'Molecular Weight'!$B$2/'Molecular Weight'!$D$2 -> 3.0383677 | V74: =I74*T74*'Molecular Weight'!$B$3/'Molecular Weight'!$D$3 -> 0.016359365 | W74: =T74*J74*'Molecular Weight'!$B$4/'Molecular Weight'!$D$4 -> 1.953924 | X74: =K74*T74*'Molecular Weight'!$B$5/'Molecular Weight'!$D$5 -> 0 | Y74: =L74*T74*'Molecular Weight'!$B$6/'Molecular Weight'!$D$6 -> 1.4869531 | Z74: =M74*T74*'Molecular Weight'!$B$8/'Molecular Weight'!$D$8 -> 0 | AA74: =N74*T74*'Molecular Weight'!$B$9/'Molecular Weight'!$D$9 -> 0.8600754 | AB74: =O74*T74*'Molecular Weight'!$B$10/'Molecular Weight'!$D$10 -> 0.5762705 | AC74: =P74*T74*'Molecular Weight'!$B$11/'Molecular Weight'!$D$11 -> 0.07272164 | AD74: =Q74*T74*'Molecular Weight'!$B$12/'Molecular Weight'!$D$12 -> 0 | AE74: =SUM(U74:AD74) -> 8.0046717 | AF74: =IF(IF(2*12*(1-8/AE74)<0,0,2*12*(1-8/AE74))<Y74,IF(2*12*(1-8/AE74)<0,0,2*12*(1-8/AE74)),Y74) -> 0.014006965 | AG74: =AF74/Y74 -> 0.009419911 | AH74: =Y74-AF74 -> 1.4729461 | AI74: =SUM(U74,V74) -> 3.0547271 | AJ74: =SUM(AA74,AB74,Z74,Y74) -> 2.9232989
A75: Brey et al (2015) | B75: 10.1007/s00410-015-1166-z | C75: M435 | D75: 12 | E75: 1200 | F75: Sediment | G75: Basaltic | H75: 39.16 | I75: 0.43 | J75: 21.7 | L75: 19.55 | N75: 7.13 | O75: 9.2 | P75: 0.83 | Q75: 0.03 | R75: =SUM(H75:Q75) -> 98.03 | S75: 12 | T75: =S75/(H75*'Molecular Weight'!$C$2/'Molecular Weight'!$D$2+I75*'Molecular Weight'!$C$3/'Molecular Weight'!$D$3+J75*'Molecular Weight'!$C$4/'Molecular Weight'!$D$4+K75*'Molecular Weight'!$C$5/'Molecular Weight'!$D$5+L75*'Molecular Weight'!$C$6/'Molecular Weight'!$D$6+M75*'Molecular Weight'!$C$8/'Molecular Weight'!$D$8+N75*'Molecular Weight'!$C$9/'Molecular Weight'!$D$9+O75*'Molecular Weight'!$C$10/'Molecular Weight'!$D$10+P75*'Molecular Weight'!$C$11/'Molecular Weight'!$D$11+Q75*'Molecular Weight'!$C$12/'Molecular Weight'!$D$12) -> 4.6517737 | U75: =H75*T75*'Molecular Weight'!$B$2/'Molecular Weight'!$D$2 -> 3.0320149 | V75: =I75*T75*'Molecular Weight'!$B$3/'Molecular Weight'!$D$3 -> 0.025034577 | W75: =T75*J75*'Molecular Weight'!$B$4/'Molecular Weight'!$D$4 -> 1.9800606 | X75: =K75*T75*'Molecular Weight'!$B$5/'Molecular Weight'!$D$5 -> 0 | Y75: =L75*T75*'Molecular Weight'!$B$6/'Molecular Weight'!$D$6 -> 1.2658989 | Z75: =M75*T75*'Molecular Weight'!$B$8/'Molecular Weight'!$D$8 -> 0 | AA75: =N75*T75*'Molecular Weight'!$B$9/'Molecular Weight'!$D$9 -> 0.82300611 | AB75: =O75*T75*'Molecular Weight'!$B$10/'Molecular Weight'!$D$10 -> 0.76312978 | AC75: =P75*T75*'Molecular Weight'!$B$11/'Molecular Weight'!$D$11 -> 0.12458768 | AD75: =Q75*T75*'Molecular Weight'!$B$12/'Molecular Weight'!$D$12 -> 0.0029629132 | AE75: =SUM(U75:AD75) -> 8.0166955 | AF75: =IF(IF(2*12*(1-8/AE75)<0,0,2*12*(1-8/AE75))<Y75,IF(2*12*(1-8/AE75)<0,0,2*12*(1-8/AE75)),Y75) -> 0.049982129 | AG75: =AF75/Y75 -> 0.039483509 | AH75: =Y75-AF75 -> 1.2159168 | AI75: =SUM(U75,V75) -> 3.0570495 | AJ75: =SUM(AA75,AB75,Z75,Y75) -> 2.8520348
A76: Brey et al (2015) | B76: 10.1007/s00410-015-1166-z | C76: M450 | D76: 12 | E76: 1400 | F76: Sediment | G76: Basaltic | H76: 39.8 | I76: 0.27 | J76: 21.9 | L76: 19.08 | N76: 7.6 | O76: 9.26 | P76: 0.88 | Q76: 0 | R76: =SUM(H76:Q76) -> 98.79 | S76: 12 | T76: =S76/(H76*'Molecular Weight'!$C$2/'Molecular Weight'!$D$2+I76*'Molecular Weight'!$C$3/'Molecular Weight'!$D$3+J76*'Molecular Weight'!$C$4/'Molecular Weight'!$D$4+K76*'Molecular Weight'!$C$5/'Molecular Weight'!$D$5+L76*'Molecular Weight'!$C$6/'Molecular Weight'!$D$6+M76*'Molecular Weight'!$C$8/'Molecular Weight'!$D$8+N76*'Molecular Weight'!$C$9/'Molecular Weight'!$D$9+O76*'Molecular Weight'!$C$10/'Molecular Weight'!$D$10+P76*'Molecular Weight'!$C$11/'Molecular Weight'!$D$11+Q76*'Molecular Weight'!$C$12/'Molecular Weight'!$D$12) -> 4.5985396 | U76: =H76*T76*'Molecular Weight'!$B$2/'Molecular Weight'!$D$2 -> 3.0463029 | V76: =I76*T76*'Molecular Weight'!$B$3/'Molecular Weight'!$D$3 -> 0.015539496 | W76: =T76*J76*'Molecular Weight'!$B$4/'Molecular Weight'!$D$4 -> 1.9754417 | X76: =K76*T76*'Molecular Weight'!$B$5/'Molecular Weight'!$D$5 -> 0 | Y76: =L76*T76*'Molecular Weight'!$B$6/'Molecular Weight'!$D$6 -> 1.2213271 | Z76: =M76*T76*'Molecular Weight'!$B$8/'Molecular Weight'!$D$8 -> 0 | AA76: =N76*T76*'Molecular Weight'!$B$9/'Molecular Weight'!$D$9 -> 0.86721839 | AB76: =O76*T76*'Molecular Weight'!$B$10/'Molecular Weight'!$D$10 -> 0.75931663 | AC76: =P76*T76*'Molecular Weight'!$B$11/'Molecular Weight'!$D$11 -> 0.13058131 | AD76: =Q76*T76*'Molecular Weight'!$B$12/'Molecular Weight'!$D$12 -> 0 | AE76: =SUM(U76:AD76) -> 8.0157274 | AF76: =IF(IF(2*12*(1-8/AE76)<0,0,2*12*(1-8/AE76))<Y76,IF(2*12*(1-8/AE76)<0,0,2*12*(1-8/AE76)),Y76) -> 0.04708976 | AG76: =AF76/Y76 -> 0.038556225 | AH76: =Y76-AF76 -> 1.1742373 | AI76: =SUM(U76,V76) -> 3.0618424 | AJ76: =SUM(AA76,AB76,Z76,Y76) -> 2.8478621
A77: Brey et al (2015) | B77: 10.1007/s00410-015-1166-z | C77: M436 | D77: 12 | E77: 1600 | F77: Sediment | G77: Basaltic | H77: 40.09 | I77: 0.25 | J77: 21.65 | L77: 18.7 | N77: 8.25 | O77: 8.9 | P77: 0.98 | Q77: 0 | R77: =SUM(H77:Q77) -> 98.82 | S77: 12 | T77: =S77/(H77*'Molecular Weight'!$C$2/'Molecular Weight'!$D$2+I77*'Molecular Weight'!$C$3/'Molecular Weight'!$D$3+J77*'Molecular Weight'!$C$4/'Molecular Weight'!$D$4+K77*'Molecular Weight'!$C$5/'Molecular Weight'!$D$5+L77*'Molecular Weight'!$C$6/'Molecular Weight'!$D$6+M77*'Molecular Weight'!$C$8/'Molecular Weight'!$D$8+N77*'Molecular Weight'!$C$9/'Molecular Weight'!$D$9+O77*'Molecular Weight'!$C$10/'Molecular Weight'!$D$10+P77*'Molecular Weight'!$C$11/'Molecular Weight'!$D$11+Q77*'Molecular Weight'!$C$12/'Molecular Weight'!$D$12) -> 4.5847812 | U77: =H77*T77*'Molecular Weight'!$B$2/'Molecular Weight'!$D$2 -> 3.0593189 | V77: =I77*T77*'Molecular Weight'!$B$3/'Molecular Weight'!$D$3 -> 0.014345373 | W77: =T77*J77*'Molecular Weight'!$B$4/'Molecular Weight'!$D$4 -> 1.9470481 | X77: =K77*T77*'Molecular Weight'!$B$5/'Molecular Weight'!$D$5 -> 0 | Y77: =L77*T77*'Molecular Weight'!$B$6/'Molecular Weight'!$D$6 -> 1.1934216 | Z77: =M77*T77*'Molecular Weight'!$B$8/'Molecular Weight'!$D$8 -> 0 | AA77: =N77*T77*'Molecular Weight'!$B$9/'Molecular Weight'!$D$9 -> 0.93857184 | AB77: =O77*T77*'Molecular Weight'!$B$10/'Molecular Weight'!$D$10 -> 0.72761328 | AC77: =P77*T77*'Molecular Weight'!$B$11/'Molecular Weight'!$D$11 -> 0.14498501 | AD77: =Q77*T77*'Molecular Weight'!$B$12/'Molecular Weight'!$D$12 -> 0 | AE77: =SUM(U77:AD77) -> 8.0253042 | AF77: =IF(IF(2*12*(1-8/AE77)<0,0,2*12*(1-8/AE77))<Y77,IF(2*12*(1-8/AE77)<0,0,2*12*(1-8/AE77)),Y77) -> 0.075673142 | AG77: =AF77/Y77 -> 0.063408556 | AH77: =Y77-AF77 -> 1.1177485 | AI77: =SUM(U77,V77) -> 3.0736643 | AJ77: =SUM(AA77,AB77,Z77,Y77) -> 2.8596067
A78: Brey et al (2015) | B78: 10.1007/s00410-015-1166-z | C78: M466 | D78: 7.5 | E78: 900 | F78: Sediment | G78: Basaltic | H78: 39.6 | I78: 0.5 | J78: 21.5 | L78: 18.8 | N78: 4.5 | O78: 15.4 | P78: 0.27 | Q78: 0 | R78: =SUM(H78:Q78) -> 100.57 | S78: 12 | T78: =S78/(H78*'Molecular Weight'!$C$2/'Molecular Weight'!$D$2+I78*'Molecular Weight'!$C$3/'Molecular Weight'!$D$3+J78*'Molecular Weight'!$C$4/'Molecular Weight'!$D$4+K78*'Molecular Weight'!$C$5/'Molecular Weight'!$D$5+L78*'Molecular Weight'!$C$6/'Molecular Weight'!$D$6+M78*'Molecular Weight'!$C$8/'Molecular Weight'!$D$8+N78*'Molecular Weight'!$C$9/'Molecular Weight'!$D$9+O78*'Molecular Weight'!$C$10/'Molecular Weight'!$D$10+P78*'Molecular Weight'!$C$11/'Molecular Weight'!$D$11+Q78*'Molecular Weight'!$C$12/'Molecular Weight'!$D$12) -> 4.5877204 | U78: =H78*T78*'Molecular Weight'!$B$2/'Molecular Weight'!$D$2 -> 3.0238637 | V78: =I78*T78*'Molecular Weight'!$B$3/'Molecular Weight'!$D$3 -> 0.028709139 | W78: =T78*J78*'Molecular Weight'!$B$4/'Molecular Weight'!$D$4 -> 1.9347977 | X78: =K78*T78*'Molecular Weight'!$B$5/'Molecular Weight'!$D$5 -> 0 | Y78: =L78*T78*'Molecular Weight'!$B$6/'Molecular Weight'!$D$6 -> 1.2005727 | Z78: =M78*T78*'Molecular Weight'!$B$8/'Molecular Weight'!$D$8 -> 0 | AA78: =N78*T78*'Molecular Weight'!$B$9/'Molecular Weight'!$D$9 -> 0.51227647 | AB78: =O78*T78*'Molecular Weight'!$B$10/'Molecular Weight'!$D$10 -> 1.2598234 | AC78: =P78*T78*'Molecular Weight'!$B$11/'Molecular Weight'!$D$11 -> 0.039970459 | AD78: =Q78*T78*'Molecular Weight'!$B$12/'Molecular Weight'!$D$12 -> 0 | AE78: =SUM(U78:AD78) -> 8.0000136 | AF78: =IF(IF(2*12*(1-8/AE78)<0,0,2*12*(1-8/AE78))<Y78,IF(2*12*(1-8/AE78)<0,0,2*12*(1-8/AE78)),Y78) -> 4.0676414e-05 | AG78: =AF78/Y78 -> 3.3880842e-05 | AH78: =Y78-AF78 -> 1.200532 | AI78: =SUM(U78,V78) -> 3.0525728 | AJ78: =SUM(AA78,AB78,Z78,Y78) -> 2.9726726
A79: Brey et al (2015) | B79: 10.1007/s00410-015-1166-z | C79: M473 | D79: 7.5 | E79: 900 | F79: Sediment | G79: Basaltic | H79: 38.8 | I79: 0.33 | J79: 21.5 | L79: 21.1 | N79: 3.8 | O79: 13.7 | P79: 0.25 | Q79: 0.03 | R79: =SUM(H79:Q79) -> 99.51 | S79: 12 | T79: =S79/(H79*'Molecular Weight'!$C$2/'Molecular Weight'!$D$2+I79*'Molecular Weight'!$C$3/'Molecular Weight'!$D$3+J79*'Molecular Weight'!$C$4/'Molecular Weight'!$D$4+K79*'Molecular Weight'!$C$5/'Molecular Weight'!$D$5+L79*'Molecular Weight'!$C$6/'Molecular Weight'!$D$6+M79*'Molecular Weight'!$C$8/'Molecular Weight'!$D$8+N79*'Molecular Weight'!$C$9/'Molecular Weight'!$D$9+O79*'Molecular Weight'!$C$10/'Molecular Weight'!$D$10+P79*'Molecular Weight'!$C$11/'Molecular Weight'!$D$11+Q79*'Molecular Weight'!$C$12/'Molecular Weight'!$D$12) -> 4.670861 | U79: =H79*T79*'Molecular Weight'!$B$2/'Molecular Weight'!$D$2 -> 3.0164682 | V79: =I79*T79*'Molecular Weight'!$B$3/'Molecular Weight'!$D$3 -> 0.019291416 | W79: =T79*J79*'Molecular Weight'!$B$4/'Molecular Weight'!$D$4 -> 1.969861 | X79: =K79*T79*'Molecular Weight'!$B$5/'Molecular Weight'!$D$5 -> 0 | Y79: =L79*T79*'Molecular Weight'!$B$6/'Molecular Weight'!$D$6 -> 1.3718704 | Z79: =M79*T79*'Molecular Weight'!$B$8/'Molecular Weight'!$D$8 -> 0 | AA79: =N79*T79*'Molecular Weight'!$B$9/'Molecular Weight'!$D$9 -> 0.44042858 | AB79: =O79*T79*'Molecular Weight'!$B$10/'Molecular Weight'!$D$10 -> 1.1410627 | AC79: =P79*T79*'Molecular Weight'!$B$11/'Molecular Weight'!$D$11 -> 0.037680389 | AD79: =Q79*T79*'Molecular Weight'!$B$12/'Molecular Weight'!$D$12 -> 0.0029750707 | AE79: =SUM(U79:AD79) -> 7.9996377 | AF79: =IF(IF(2*12*(1-8/AE79)<0,0,2*12*(1-8/AE79))<Y79,IF(2*12*(1-8/AE79)<0,0,2*12*(1-8/AE79)),Y79) -> 0 | AG79: =AF79/Y79 -> 0 | AH79: =Y79-AF79 -> 1.3718704 | AI79: =SUM(U79,V79) -> 3.0357596 | AJ79: =SUM(AA79,AB79,Z79,Y79) -> 2.9533617
... A100: Brey et al (2015) | B100: 10.1007/s00410-015-1166-z | C100: M479 | D100: 10.5 | E100: 1200 | F100: Sediment | G100: Basaltic | H100: 39.3 | I100: 0.37 | J100: 21.7 | L100: 19.2 | N100: 7.2 | O100: 10.7 | P100: 0.34 | Q100: 0.06 | R100: =SUM(H100:Q100) -> 98.87 | S100: 12 | T100: =S100/(H100*'Molecular Weight'!$C$2/'Molecular Weight'!$D$2+I100*'Molecular Weight'!$C$3/'Molecular Weight'!$D$3+J100*'Molecular Weight'!$C$4/'Molecular Weight'!$D$4+K100*'Molecular Weight'!$C$5/'Molecular Weight'!$D$5+L100*'Molecular Weight'!$C$6/'Molecular Weight'!$D$6+M100*'Molecular Weight'!$C$8/'Molecular Weight'!$D$8+N100*'Molecular Weight'!$C$9/'Molecular Weight'!$D$9+O100*'Molecular Weight'!$C$10/'Molecular Weight'!$D$10+P100*'Molecular Weight'!$C$11/'Molecular Weight'!$D$11+Q100*'Molecular Weight'!$C$12/'Molecular Weight'!$D$12) -> 4.6174358 | U100: =H100*T100*'Molecular Weight'!$B$2/'Molecular Weight'!$D$2 -> 3.0203933 | V100: =I100*T100*'Molecular Weight'!$B$3/'Molecular Weight'!$D$3 -> 0.021382369 | W100: =T100*J100*'Molecular Weight'!$B$4/'Molecular Weight'!$D$4 -> 1.9654444 | X100: =K100*T100*'Molecular Weight'!$B$5/'Molecular Weight'!$D$5 -> 0 | Y100: =L100*T100*'Molecular Weight'!$B$6/'Molecular Weight'!$D$6 -> 1.2340586 | Z100: =M100*T100*'Molecular Weight'!$B$8/'Molecular Weight'!$D$8 -> 0 | AA100: =N100*T100*'Molecular Weight'!$B$9/'Molecular Weight'!$D$9 -> 0.82495132 | AB100: =O100*T100*'Molecular Weight'!$B$10/'Molecular Weight'!$D$10 -> 0.88100149 | AC100: =P100*T100*'Molecular Weight'!$B$11/'Molecular Weight'!$D$11 -> 0.050659186 | AD100: =Q100*T100*'Molecular Weight'!$B$12/'Molecular Weight'!$D$12 -> 0.0058820839 | AE100: =SUM(U100:AD100) -> 8.0037728 | AF100: =IF(IF(2*12*(1-8/AE100)<0,0,2*12*(1-8/AE100))<Y100,IF(2*12*(1-8/AE100)<0,0,2*12*(1-8/AE100)),Y100) -> 0.011312934 | AG100: =AF100/Y100 -> 0.0091672585 | AH100: =Y100-AF100 -> 1.2227456 | AI100: =SUM(U100,V100) -> 3.0417757 | AJ100: =SUM(AA100,AB100,Z100,Y100) -> 2.9400114
A101: Brey et al 2008 | B101: 10.1093/petrology/egn002 | C101: M-74 | D101: 6 | E101: 1400 | F101: Peridotite | G101: Peridotitic | H101: 40.64 | I101: 0.22 | J101: 19.23 | K101: 0.76 | L101: 7.61 | M101: 0.35 | N101: 22.8 | O101: 3.49 | P101: 0.07 | Q101: 0.02 | R101: =SUM(H101:Q101) -> 95.19 | S101: 12 | T101: =S101/(H101*'Molecular Weight'!$C$2/'Molecular Weight'!$D$2+I101*'Molecular Weight'!$C$3/'Molecular Weight'!$D$3+J101*'Molecular Weight'!$C$4/'Molecular Weight'!$D$4+K101*'Molecular Weight'!$C$5/'Molecular Weight'!$D$5+L101*'Molecular Weight'!$C$6/'Molecular Weight'!$D$6+M101*'Molecular Weight'!$C$8/'Molecular Weight'!$D$8+N101*'Molecular Weight'!$C$9/'Molecular Weight'!$D$9+O101*'Molecular Weight'!$C$10/'Molecular Weight'!$D$10+P101*'Molecular Weight'!$C$11/'Molecular Weight'!$D$11+Q101*'Molecular Weight'!$C$12/'Molecular Weight'!$D$12) -> 4.4786556 | U101: =H101*T101*'Molecular Weight'!$B$2/'Molecular Weight'!$D$2 -> 3.0295034 | V101: =I101*T101*'Molecular Weight'!$B$3/'Molecular Weight'!$D$3 -> 0.012331717 | W101: =T101*J101*'Molecular Weight'!$B$4/'Molecular Weight'!$D$4 -> 1.6893791 | X101: =K101*T101*'Molecular Weight'!$B$5/'Molecular Weight'!$D$5 -> 0.044789502 | Y101: =L101*T101*'Molecular Weight'!$B$6/'Molecular Weight'!$D$6 -> 0.47442329 | Z101: =M101*T101*'Molecular Weight'!$B$8/'Molecular Weight'!$D$8 -> 0.022096553 | AA101: =N101*T101*'Molecular Weight'!$B$9/'Molecular Weight'!$D$9 -> 2.53383 | AB101: =O101*T101*'Molecular Weight'!$B$10/'Molecular Weight'!$D$10 -> 0.27871805 | AC101: =P101*T101*'Molecular Weight'!$B$11/'Molecular Weight'!$D$11 -> 0.010116357 | AD101: =Q101*T101*'Molecular Weight'!$B$12/'Molecular Weight'!$D$12 -> 0.0019017646 | AE101: =SUM(U101:AD101) -> 8.0970897 | AF101: =IF(IF(2*12*(1-8/AE101)<0,0,2*12*(1-8/AE101))<Y101,IF(2*12*(1-8/AE101)<0,0,2*12*(1-8/AE101)),Y101) -> 0.28777648 | AG101: =AF101/Y101 -> 0.60658168 | AH101: =Y101-AF101 -> 0.18664681 | AI101: =SUM(U101,V101) -> 3.0418351 | AJ101: =SUM(AA101,AB101,Z101,Y101) -> 3.3090678
A102: Brey et al 2008 | B102: 10.1093/petrology/egn002 | C102: M-77 | D102: 6 | E102: 1400 | F102: Peridotite | G102: Peridotitic | H102: 42.3 | I102: 0.3 | J102: 19.49 | K102: 0.23 | L102: 8.3 | M102: 0.31 | N102: 22.1 | O102: 4.5 | P102: 0.07 | Q102: 0 | R102: =SUM(H102:Q102) -> 97.6 | S102: 12 | T102: =S102/(H102*'Molecular Weight'!$C$2/'Molecular Weight'!$D$2+I102*'Molecular Weight'!$C$3/'Molecular Weight'!$D$3+J102*'Molecular Weight'!$C$4/'Molecular Weight'!$D$4+K102*'Molecular Weight'!$C$5/'Molecular Weight'!$D$5+L102*'Molecular Weight'!$C$6/'Molecular Weight'!$D$6+M102*'Molecular Weight'!$C$8/'Molecular Weight'!$D$8+N102*'Molecular Weight'!$C$9/'Molecular Weight'!$D$9+O102*'Molecular Weight'!$C$10/'Molecular Weight'!$D$10+P102*'Molecular Weight'!$C$11/'Molecular Weight'!$D$11+Q102*'Molecular Weight'!$C$12/'Molecular Weight'!$D$12) -> 4.3743013 | U102: =H102*T102*'Molecular Weight'!$B$2/'Molecular Weight'!$D$2 -> 3.079776 | V102: =I102*T102*'Molecular Weight'!$B$3/'Molecular Weight'!$D$3 -> 0.01642416 | W102: =T102*J102*'Molecular Weight'!$B$4/'Molecular Weight'!$D$4 -> 1.6723251 | X102: =K102*T102*'Molecular Weight'!$B$5/'Molecular Weight'!$D$5 -> 0.013238888 | Y102: =L102*T102*'Molecular Weight'!$B$6/'Molecular Weight'!$D$6 -> 0.50538281 | Z102: =M102*T102*'Molecular Weight'!$B$8/'Molecular Weight'!$D$8 -> 0.019115216 | AA102: =N102*T102*'Molecular Weight'!$B$9/'Molecular Weight'!$D$9 -> 2.3988104 | AB102: =O102*T102*'Molecular Weight'!$B$10/'Molecular Weight'!$D$10 -> 0.35100492 | AC102: =P102*T102*'Molecular Weight'!$B$11/'Molecular Weight'!$D$11 -> 0.0098806418 | AD102: =Q102*T102*'Molecular Weight'!$B$12/'Molecular Weight'!$D$12 -> 0 | AE102: =SUM(U102:AD102) -> 8.0659581 | AF102: =IF(IF(2*12*(1-8/AE102)<0,0,2*12*(1-8/AE102))<Y102,IF(2*12*(1-8/AE102)<0,0,2*12*(1-8/AE102)),Y102) -> 0.19625632 | AG102: =AF102/Y102 -> 0.38833201 | AH102: =Y102-AF102 -> 0.30912649 | AI102: =SUM(U102,V102) -> 3.0962002 | AJ102: =SUM(AA102,AB102,Z102,Y102) -> 3.2743133
A103: Brey et al 2008 | B103: 10.1093/petrology/egn002 | C103: M-63 | D103: 7 | E103: 1300 | F103: Peridotite | G103: Peridotitic | H103: 42.1 | I103: 0.6 | J103: 20.4 | K103: 0.22 | L103: 7.8 | M103: 0.33 | N103: 21 | O103: 4.8 | P103: 0.09 | Q103: 0 | R103: =SUM(H103:Q103) -> 97.34 | S103: 12 | T103: =S103/(H103*'Molecular Weight'!$C$2/'Molecular Weight'!$D$2+I103*'Molecular Weight'!$C$3/'Molecular Weight'!$D$3+J103*'Molecular Weight'!$C$4/'Molecular Weight'!$D$4+K103*'Molecular Weight'!$C$5/'Molecular Weight'!$D$5+L103*'Molecular Weight'!$C$6/'Molecular Weight'!$D$6+M103*'Molecular Weight'!$C$8/'Molecular Weight'!$D$8+N103*'Molecular Weight'!$C$9/'Molecular Weight'!$D$9+O103*'Molecular Weight'!$C$10/'Molecular Weight'!$D$10+P103*'Molecular Weight'!$C$11/'Molecular Weight'!$D$11+Q103*'Molecular Weight'!$C$12/'Molecular Weight'!$D$12) -> 4.3756916 | U103: =H103*T103*'Molecular Weight'!$B$2/'Molecular Weight'!$D$2 -> 3.0661887 | V103: =I103*T103*'Molecular Weight'!$B$3/'Molecular Weight'!$D$3 -> 0.032858761 | W103: =T103*J103*'Molecular Weight'!$B$4/'Molecular Weight'!$D$4 -> 1.7509633 | X103: =K103*T103*'Molecular Weight'!$B$5/'Molecular Weight'!$D$5 -> 0.012667309 | Y103: =L103*T103*'Molecular Weight'!$B$6/'Molecular Weight'!$D$6 -> 0.47508901 | Z103: =M103*T103*'Molecular Weight'!$B$8/'Molecular Weight'!$D$8 -> 0.020354923 | AA103: =N103*T103*'Molecular Weight'!$B$9/'Molecular Weight'!$D$9 -> 2.2801371 | AB103: =O103*T103*'Molecular Weight'!$B$10/'Molecular Weight'!$D$10 -> 0.37452425 | AC103: =P103*T103*'Molecular Weight'!$B$11/'Molecular Weight'!$D$11 -> 0.01270772 | AD103: =Q103*T103*'Molecular Weight'!$B$12/'Molecular Weight'!$D$12 -> 0 | AE103: =SUM(U103:AD103) -> 8.0254911 | AF103: =IF(IF(2*12*(1-8/AE103)<0,0,2*12*(1-8/AE103))<Y103,IF(2*12*(1-8/AE103)<0,0,2*12*(1-8/AE103)),Y103) -> 0.076230334 | AG103: =AF103/Y103 -> 0.16045484 | AH103: =Y103-AF103 -> 0.39885868 | AI103: =SUM(U103,V103) -> 3.0990475 | AJ103: =SUM(AA103,AB103,Z103,Y103) -> 3.1501053
A104: Brey et al 2008 | B104: 10.1093/petrology/egn002 | C104: M-61 | D104: 7 | E104: 1400 | F104: Peridotite | G104: Peridotitic | H104: 42.3 | I104: 0.2 | J104: 20.5 | K104: 0.22 | L104: 7.3 | M104: 0.3 | N104: 22.8 | O104: 3.3 | P104: 0.03 | Q104: 0 | R104: =SUM(H104:Q104) -> 96.95 | S104: 12 | T104: =S104/(H104*'Molecular Weight'!$C$2/'Molecular Weight'!$D$2+I104*'Molecular Weight'!$C$3/'Molecular Weight'!$D$3+J104*'Molecular Weight'!$C$4/'Molecular Weight'!$D$4+K104*'Molecular Weight'!$C$5/'Molecular Weight'!$D$5+L104*'Molecular Weight'!$C$6/'Molecular Weight'!$D$6+M104*'Molecular Weight'!$C$8/'Molecular Weight'!$D$8+N104*'Molecular Weight'!$C$9/'Molecular Weight'!$D$9+O104*'Molecular Weight'!$C$10/'Molecular Weight'!$D$10+P104*'Molecular Weight'!$C$11/'Molecular Weight'!$D$11+Q104*'Molecular Weight'!$C$12/'Molecular Weight'!$D$12) -> 4.3611341 | U104: =H104*T104*'Molecular Weight'!$B$2/'Molecular Weight'!$D$2 -> 3.0705055 | V104: =I104*T104*'Molecular Weight'!$B$3/'Molecular Weight'!$D$3 -> 0.010916481 | W104: =T104*J104*'Molecular Weight'!$B$4/'Molecular Weight'!$D$4 -> 1.7536926 | X104: =K104*T104*'Molecular Weight'!$B$5/'Molecular Weight'!$D$5 -> 0.012625166 | Y104: =L104*T104*'Molecular Weight'!$B$6/'Molecular Weight'!$D$6 -> 0.44315533 | Z104: =M104*T104*'Molecular Weight'!$B$8/'Molecular Weight'!$D$8 -> 0.018442913 | AA104: =N104*T104*'Molecular Weight'!$B$9/'Molecular Weight'!$D$9 -> 2.4673414 | AB104: =O104*T104*'Molecular Weight'!$B$10/'Molecular Weight'!$D$10 -> 0.25662879 | AC104: =P104*T104*'Molecular Weight'!$B$11/'Molecular Weight'!$D$11 -> 0.0042218142 | AD104: =Q104*T104*'Molecular Weight'!$B$12/'Molecular Weight'!$D$12 -> 0 | AE104: =SUM(U104:AD104) -> 8.03753 | AF104: =IF(IF(2*12*(1-8/AE104)<0,0,2*12*(1-8/AE104))<Y104,IF(2*12*(1-8/AE104)<0,0,2*12*(1-8/AE104)),Y104) -> 0.1120643 | AG104: =AF104/Y104 -> 0.25287815 | AH104: =Y104-AF104 -> 0.33109103 | AI104: =SUM(U104,V104) -> 3.081422 | AJ104: =SUM(AA104,AB104,Z104,Y104) -> 3.1855684
A105: Brey et al 2008 | B105: 10.1093/petrology/egn002 | C105: M-60 | D105: 7 | E105: 1500 | F105: Peridotite | G105: Peridotitic | H105: 42.6 | I105: 0.4 | J105: 20.2 | K105: 0.2 | L105: 7.3 | M105: 0.29 | N105: 23.7 | O105: 2.9 | P105: 0.04 | Q105: 0 | R105: =SUM(H105:Q105) -> 97.63 | S105: 12 | T105: =S105/(H105*'Molecular Weight'!$C$2/'Molecular Weight'!$D$2+I105*'Molecular Weight'!$C$3/'Molecular Weight'!$D$3+J105*'Molecular Weight'!$C$4/'Molecular Weight'!$D$4+K105*'Molecular Weight'!$C$5/'Molecular Weight'!$D$5+L105*'Molecular Weight'!$C$6/'Molecular Weight'!$D$6+M105*'Molecular Weight'!$C$8/'Molecular Weight'!$D$8+N105*'Molecular Weight'!$C$9/'Molecular Weight'!$D$9+O105*'Molecular Weight'!$C$10/'Molecular Weight'!$D$10+P105*'Molecular Weight'!$C$11/'Molecular Weight'!$D$11+Q105*'Molecular Weight'!$C$12/'Molecular Weight'!$D$12) -> 4.3281155 | U105: =H105*T105*'Molecular Weight'!$B$2/'Molecular Weight'!$D$2 -> 3.0688702 | V105: =I105*T105*'Molecular Weight'!$B$3/'Molecular Weight'!$D$3 -> 0.021667662 | W105: =T105*J105*'Molecular Weight'!$B$4/'Molecular Weight'!$D$4 -> 1.7149457 | X105: =K105*T105*'Molecular Weight'!$B$5/'Molecular Weight'!$D$5 -> 0.011390527 | Y105: =L105*T105*'Molecular Weight'!$B$6/'Molecular Weight'!$D$6 -> 0.43980016 | Z105: =M105*T105*'Molecular Weight'!$B$8/'Molecular Weight'!$D$8 -> 0.01769317 | AA105: =N105*T105*'Molecular Weight'!$B$9/'Molecular Weight'!$D$9 -> 2.5453185 | AB105: =O105*T105*'Molecular Weight'!$B$10/'Molecular Weight'!$D$10 -> 0.22381482 | AC105: =P105*T105*'Molecular Weight'!$B$11/'Molecular Weight'!$D$11 -> 0.0055864673 | AD105: =Q105*T105*'Molecular Weight'!$B$12/'Molecular Weight'!$D$12 -> 0 | AE105: =SUM(U105:AD105) -> 8.0490873 | AF105: =IF(IF(2*12*(1-8/AE105)<0,0,2*12*(1-8/AE105))<Y105,IF(2*12*(1-8/AE105)<0,0,2*12*(1-8/AE105)),Y105) -> 0.14636371 | AG105: =AF105/Y105 -> 0.33279594 | AH105: =Y105-AF105 -> 0.29343645 | AI105: =SUM(U105,V105) -> 3.0905378 | AJ105: =SUM(AA105,AB105,Z105,Y105) -> 3.2266267
A106: Brey et al 2008 | B106: 10.1093/petrology/egn002 | C106: M-117 | D106: 6 | E106: 1600 | F106: Peridotite | G106: Peridotitic | H106: 43.7 | I106: 0.16 | J106: 20 | K106: 0.19 | L106: 7.2 | M106: 0.24 | N106: 25.1 | O106: 2.4 | P106: 0.04 | Q106: 0 | R106: =SUM(H106:Q106) -> 99.03 | S106: 12 | T106: =S106/(H106*'Molecular Weight'!$C$2/'Molecular Weight'!$D$2+I106*'Molecular Weight'!$C$3/'Molecular Weight'!$D$3+J106*'Molecular Weight'!$C$4/'Molecular Weight'!$D$4+K106*'Molecular Weight'!$C$5/'Molecular Weight'!$D$5+L106*'Molecular Weight'!$C$6/'Molecular Weight'!$D$6+M106*'Molecular Weight'!$C$8/'Molecular Weight'!$D$8+N106*'Molecular Weight'!$C$9/'Molecular Weight'!$D$9+O106*'Molecular Weight'!$C$10/'Molecular Weight'!$D$10+P106*'Molecular Weight'!$C$11/'Molecular Weight'!$D$11+Q106*'Molecular Weight'!$C$12/'Molecular Weight'!$D$12) -> 4.2540756 | U106: =H106*T106*'Molecular Weight'!$B$2/'Molecular Weight'!$D$2 -> 3.0942594 | V106: =I106*T106*'Molecular Weight'!$B$3/'Molecular Weight'!$D$3 -> 0.0085187996 | W106: =T106*J106*'Molecular Weight'!$B$4/'Molecular Weight'!$D$4 -> 1.6689194 | X106: =K106*T106*'Molecular Weight'!$B$5/'Molecular Weight'!$D$5 -> 0.010635889 | Y106: =L106*T106*'Molecular Weight'!$B$6/'Molecular Weight'!$D$6 -> 0.42635501 | Z106: =M106*T106*'Molecular Weight'!$B$8/'Molecular Weight'!$D$8 -> 0.014392136 | AA106: =N106*T106*'Molecular Weight'!$B$9/'Molecular Weight'!$D$9 -> 2.6495607 | AB106: =O106*T106*'Molecular Weight'!$B$10/'Molecular Weight'!$D$10 -> 0.18205744 | AC106: =P106*T106*'Molecular Weight'!$B$11/'Molecular Weight'!$D$11 -> 0.005490901 | AD106: =Q106*T106*'Molecular Weight'!$B$12/'Molecular Weight'!$D$12 -> 0 | AE106: =SUM(U106:AD106) -> 8.0601896 | AF106: =IF(IF(2*12*(1-8/AE106)<0,0,2*12*(1-8/AE106))<Y106,IF(2*12*(1-8/AE106)<0,0,2*12*(1-8/AE106)),Y106) -> 0.17922054 | AG106: =AF106/Y106 -> 0.4203552 | AH106: =Y106-AF106 -> 0.24713447 | AI106: =SUM(U106,V106) -> 3.1027782 | AJ106: =SUM(AA106,AB106,Z106,Y106) -> 3.2723653
A107: Brey et al 2008 | B107: 10.1093/petrology/egn002 | C107: M-105 | D107: 6 | E107: 1300 | F107: Peridotite | G107: Peridotitic | H107: 42.8 | I107: 0.43 | J107: 19.7 | K107: 0.2 | L107: 7.8 | M107: 0.32 | N107: 21.5 | O107: 5.1 | P107: 0.06 | Q107: 0 | R107: =SUM(H107:Q107) -> 97.91 | S107: 12 | T107: =S107/(H107*'Molecular Weight'!$C$2/'Molecular Weight'!$D$2+I107*'Molecular Weight'!$C$3/'Molecular Weight'!$D$3+J107*'Molecular Weight'!$C$4/'Molecular Weight'!$D$4+K107*'Molecular Weight'!$C$5/'Molecular Weight'!$D$5+L107*'Molecular Weight'!$C$6/'Molecular Weight'!$D$6+M107*'Molecular Weight'!$C$8/'Molecular Weight'!$D$8+N107*'Molecular Weight'!$C$9/'Molecular Weight'!$D$9+O107*'Molecular Weight'!$C$10/'Molecular Weight'!$D$10+P107*'Molecular Weight'!$C$11/'Molecular Weight'!$D$11+Q107*'Molecular Weight'!$C$12/'Molecular Weight'!$D$12) -> 4.3515929 | U107: =H107*T107*'Molecular Weight'!$B$2/'Molecular Weight'!$D$2 -> 3.1000029 | V107: =I107*T107*'Molecular Weight'!$B$3/'Molecular Weight'!$D$3 -> 0.023419085 | W107: =T107*J107*'Molecular Weight'!$B$4/'Molecular Weight'!$D$4 -> 1.6815688 | X107: =K107*T107*'Molecular Weight'!$B$5/'Molecular Weight'!$D$5 -> 0.011452314 | Y107: =L107*T107*'Molecular Weight'!$B$6/'Molecular Weight'!$D$6 -> 0.4724725 | Z107: =M107*T107*'Molecular Weight'!$B$8/'Molecular Weight'!$D$8 -> 0.019629401 | AA107: =N107*T107*'Molecular Weight'!$B$9/'Molecular Weight'!$D$9 -> 2.3215694 | AB107: =O107*T107*'Molecular Weight'!$B$10/'Molecular Weight'!$D$10 -> 0.39574043 | AC107: =P107*T107*'Molecular Weight'!$B$11/'Molecular Weight'!$D$11 -> 0.0084251556 | AD107: =Q107*T107*'Molecular Weight'!$B$12/'Molecular Weight'!$D$12 -> 0 | AE107: =SUM(U107:AD107) -> 8.03428 | AF107: =IF(IF(2*12*(1-8/AE107)<0,0,2*12*(1-8/AE107))<Y107,IF(2*12*(1-8/AE107)<0,0,2*12*(1-8/AE107)),Y107) -> 0.10240126 | AG107: =AF107/Y107 -> 0.21673486 | AH107: =Y107-AF107 -> 0.37007124 | AI107: =SUM(U107,V107) -> 3.123422 | AJ107: =SUM(AA107,AB107,Z107,Y107) -> 3.2094117
A108: Brey et al 2008 | B108: 10.1093/petrology/egn002 | C108: M-210 | D108: 6 | E108: 1350 | F108: Peridotite | G108: Peridotitic | H108: 43.3 | I108: 0.31 | J108: 17.7 | K108: 0.21 | L108: 8.9 | M108: 0.34 | N108: 23.4 | O108: 3.9 | P108: 0.11 | Q108: 0 | R108: =SUM(H108:Q108) -> 98.17 | S108: 12 | T108: =S108/(H108*'Molecular Weight'!$C$2/'Molecular Weight'!$D$2+I108*'Molecular Weight'!$C$3/'Molecular Weight'!$D$3+J108*'Molecular Weight'!$C$4/'Molecular Weight'!$D$4+K108*'Molecular Weight'!$C$5/'Molecular Weight'!$D$5+L108*'Molecular Weight'!$C$6/'Molecular Weight'!$D$6+M108*'Molecular Weight'!$C$8/'Molecular Weight'!$D$8+N108*'Molecular Weight'!$C$9/'Molecular Weight'!$D$9+O108*'Molecular Weight'!$C$10/'Molecular Weight'!$D$10+P108*'Molecular Weight'!$C$11/'Molecular Weight'!$D$11+Q108*'Molecular Weight'!$C$12/'Molecular Weight'!$D$12) -> 4.3561102 | U108: =H108*T108*'Molecular Weight'!$B$2/'Molecular Weight'!$D$2 -> 3.1394735 | V108: =I108*T108*'Molecular Weight'!$B$3/'Molecular Weight'!$D$3 -> 0.016901053 | W108: =T108*J108*'Molecular Weight'!$B$4/'Molecular Weight'!$D$4 -> 1.5124196 | X108: =K108*T108*'Molecular Weight'!$B$5/'Molecular Weight'!$D$5 -> 0.012037412 | Y108: =L108*T108*'Molecular Weight'!$B$6/'Molecular Weight'!$D$6 -> 0.53966287 | Z108: =M108*T108*'Molecular Weight'!$B$8/'Molecular Weight'!$D$8 -> 0.020877889 | AA108: =N108*T108*'Molecular Weight'!$B$9/'Molecular Weight'!$D$9 -> 2.5293543 | AB108: =O108*T108*'Molecular Weight'!$B$10/'Molecular Weight'!$D$10 -> 0.30293919 | AC108: =P108*T108*'Molecular Weight'!$B$11/'Molecular Weight'!$D$11 -> 0.015462153 | AD108: =Q108*T108*'Molecular Weight'!$B$12/'Molecular Weight'!$D$12 -> 0 | AE108: =SUM(U108:AD108) -> 8.089128 | AF108: =IF(IF(2*12*(1-8/AE108)<0,0,2*12*(1-8/AE108))<Y108,IF(2*12*(1-8/AE108)<0,0,2*12*(1-8/AE108)),Y108) -> 0.26443785 | AG108: =AF108/Y108 -> 0.49000564 | AH108: =Y108-AF108 -> 0.27522502 | AI108: =SUM(U108,V108) -> 3.1563746 | AJ108: =SUM(AA108,AB108,Z108,Y108) -> 3.3928342
A109: Brey et al 2008 | B109: 10.1093/petrology/egn002 | C109: M-118 | D109: 6 | E109: 1600 | F109: Peridotite | G109: Peridotitic | H109: 44.2 | I109: 0.1 | J109: 21 | K109: 0.19 | L109: 5.1 | M109: 0.2 | N109: 26.5 | O109: 1.4 | P109: 0.03 | Q109: 0 | R109: =SUM(H109:Q109) -> 98.72 | S109: 12 | T109: =S109/(H109*'Molecular Weight'!$C$2/'Molecular Weight'!$D$2+I109*'Molecular Weight'!$C$3/'Molecular Weight'!$D$3+J109*'Molecular Weight'!$C$4/'Molecular Weight'!$D$4+K109*'Molecular Weight'!$C$5/'Molecular Weight'!$D$5+L109*'Molecular Weight'!$C$6/'Molecular Weight'!$D$6+M109*'Molecular Weight'!$C$8/'Molecular Weight'!$D$8+N109*'Molecular Weight'!$C$9/'Molecular Weight'!$D$9+O109*'Molecular Weight'!$C$10/'Molecular Weight'!$D$10+P109*'Molecular Weight'!$C$11/'Molecular Weight'!$D$11+Q109*'Molecular Weight'!$C$12/'Molecular Weight'!$D$12) -> 4.2070703 | U109: =H109*T109*'Molecular Weight'!$B$2/'Molecular Weight'!$D$2 -> 3.0950817 | V109: =I109*T109*'Molecular Weight'!$B$3/'Molecular Weight'!$D$3 -> 0.0052654196 | W109: =T109*J109*'Molecular Weight'!$B$4/'Molecular Weight'!$D$4 -> 1.7330027 | X109: =K109*T109*'Molecular Weight'!$B$5/'Molecular Weight'!$D$5 -> 0.010518368 | Y109: =L109*T109*'Molecular Weight'!$B$6/'Molecular Weight'!$D$6 -> 0.29866451 | Z109: =M109*T109*'Molecular Weight'!$B$8/'Molecular Weight'!$D$8 -> 0.011860926 | AA109: =N109*T109*'Molecular Weight'!$B$9/'Molecular Weight'!$D$9 -> 2.7664358 | AB109: =O109*T109*'Molecular Weight'!$B$10/'Molecular Weight'!$D$10 -> 0.10502672 | AC109: =P109*T109*'Molecular Weight'!$B$11/'Molecular Weight'!$D$11 -> 0.0040726721 | AD109: =Q109*T109*'Molecular Weight'!$B$12/'Molecular Weight'!$D$12 -> 0 | AE109: =SUM(U109:AD109) -> 8.0299287 | AF109: =IF(IF(2*12*(1-8/AE109)<0,0,2*12*(1-8/AE109))<Y109,IF(2*12*(1-8/AE109)<0,0,2*12*(1-8/AE109)),Y109) -> 0.089451561 | AG109: =AF109/Y109 -> 0.29950516 | AH109: =Y109-AF109 -> 0.20921295 | AI109: =SUM(U109,V109) -> 3.1003471 | AJ109: =SUM(AA109,AB109,Z109,Y109) -> 3.1819879
A110: Brey et al 2008 | B110: 10.1093/petrology/egn002 | C110: M-111 | D110: 6 | E110: 1400 | F110: Peridotite | G110: Peridotitic | H110: 42.9 | I110: 0.39 | J110: 20.5 | K110: 0.2 | L110: 6.6 | M110: 0.29 | N110: 22.5 | O110: 4.4 | P110: 0.05 | Q110: 0 | R110: =SUM(H110:Q110) -> 97.83 | S110: 12 | T110: =S110/(H110*'Molecular Weight'!$C$2/'Molecular Weight'!$D$2+I110*'Molecular Weight'!$C$3/'Molecular Weight'!$D$3+J110*'Molecular Weight'!$C$4/'Molecular Weight'!$D$4+K110*'Molecular Weight'!$C$5/'Molecular Weight'!$D$5+L110*'Molecular Weight'!$C$6/'Molecular Weight'!$D$6+M110*'Molecular Weight'!$C$8/'Molecular Weight'!$D$8+N110*'Molecular Weight'!$C$9/'Molecular Weight'!$D$9+O110*'Molecular Weight'!$C$10/'Molecular Weight'!$D$10+P110*'Molecular Weight'!$C$11/'Molecular Weight'!$D$11+Q110*'Molecular Weight'!$C$12/'Molecular Weight'!$D$12) -> 4.3188446 | U110: =H110*T110*'Molecular Weight'!$B$2/'Molecular Weight'!$D$2 -> 3.0838621 | V110: =I110*T110*'Molecular Weight'!$B$3/'Molecular Weight'!$D$3 -> 0.021080718 | W110: =T110*J110*'Molecular Weight'!$B$4/'Molecular Weight'!$D$4 -> 1.7366872 | X110: =K110*T110*'Molecular Weight'!$B$5/'Molecular Weight'!$D$5 -> 0.011366128 | Y110: =L110*T110*'Molecular Weight'!$B$6/'Molecular Weight'!$D$6 -> 0.39677581 | Z110: =M110*T110*'Molecular Weight'!$B$8/'Molecular Weight'!$D$8 -> 0.017655271 | AA110: =N110*T110*'Molecular Weight'!$B$9/'Molecular Weight'!$D$9 -> 2.4112656 | AB110: =O110*T110*'Molecular Weight'!$B$10/'Molecular Weight'!$D$10 -> 0.33885371 | AC110: =P110*T110*'Molecular Weight'!$B$11/'Molecular Weight'!$D$11 -> 0.0069681261 | AD110: =Q110*T110*'Molecular Weight'!$B$12/'Molecular Weight'!$D$12 -> 0 | AE110: =SUM(U110:AD110) -> 8.0245146 | AF110: =IF(IF(2*12*(1-8/AE110)<0,0,2*12*(1-8/AE110))<Y110,IF(2*12*(1-8/AE110)<0,0,2*12*(1-8/AE110)),Y110) -> 0.073319179 | AG110: =AF110/Y110 -> 0.18478742 | AH110: =Y110-AF110 -> 0.32345663 | AI110: =SUM(U110,V110) -> 3.1049428 | AJ110: =SUM(AA110,AB110,Z110,Y110) -> 3.1645504
A111: Brey et al 2008 | B111: 10.1093/petrology/egn002 | C111: M-110 | D111: 6 | E111: 1500 | F111: Peridotite | G111: Peridotitic | H111: 43.5 | I111: 0.31 | J111: 20.7 | K111: 0.2 | L111: 5.8 | M111: 0.26 | N111: 24.6 | O111: 2.9 | P111: 0.04 | Q111: 0 | R111: =SUM(H111:Q111) -> 98.31 | S111: 12 | T111: =S111/(H111*'Molecular Weight'!$C$2/'Molecular Weight'!$D$2+I111*'Molecular Weight'!$C$3/'Molecular Weight'!$D$3+J111*'Molecular Weight'!$C$4/'Molecular Weight'!$D$4+K111*'Molecular Weight'!$C$5/'Molecular Weight'!$D$5+L111*'Molecular Weight'!$C$6/'Molecular Weight'!$D$6+M111*'Molecular Weight'!$C$8/'Molecular Weight'!$D$8+N111*'Molecular Weight'!$C$9/'Molecular Weight'!$D$9+O111*'Molecular Weight'!$C$10/'Molecular Weight'!$D$10+P111*'Molecular Weight'!$C$11/'Molecular Weight'!$D$11+Q111*'Molecular Weight'!$C$12/'Molecular Weight'!$D$12) -> 4.2613364 | U111: =H111*T111*'Molecular Weight'!$B$2/'Molecular Weight'!$D$2 -> 3.0853551 | V111: =I111*T111*'Molecular Weight'!$B$3/'Molecular Weight'!$D$3 -> 0.016533345 | W111: =T111*J111*'Molecular Weight'!$B$4/'Molecular Weight'!$D$4 -> 1.7302798 | X111: =K111*T111*'Molecular Weight'!$B$5/'Molecular Weight'!$D$5 -> 0.011214781 | Y111: =L111*T111*'Molecular Weight'!$B$6/'Molecular Weight'!$D$6 -> 0.34403885 | Z111: =M111*T111*'Molecular Weight'!$B$8/'Molecular Weight'!$D$8 -> 0.015618092 | AA111: =N111*T111*'Molecular Weight'!$B$9/'Molecular Weight'!$D$9 -> 2.6012128 | AB111: =O111*T111*'Molecular Weight'!$B$10/'Molecular Weight'!$D$10 -> 0.22036154 | AC111: =P111*T111*'Molecular Weight'!$B$11/'Molecular Weight'!$D$11 -> 0.0055002728 | AD111: =Q111*T111*'Molecular Weight'!$B$12/'Molecular Weight'!$D$12 -> 0 | AE111: =SUM(U111:AD111) -> 8.0301145 | AF111: =IF(IF(2*12*(1-8/AE111)<0,0,2*12*(1-8/AE111))<Y111,IF(2*12*(1-8/AE111)<0,0,2*12*(1-8/AE111)),Y111) -> 0.090004593 | AG111: =AF111/Y111 -> 0.26161171 | AH111: =Y111-AF111 -> 0.25403426 | AI111: =SUM(U111,V111) -> 3.1018884 | AJ111: =SUM(AA111,AB111,Z111,Y111) -> 3.1812312
A112: Brey et al 2008 | B112: 10.1093/petrology/egn002 | C112: M-112 | D112: 6 | E112: 1600 | F112: Peridotite | G112: Peridotitic | H112: 44.2 | I112: 0.13 | J112: 20.5 | K112: 0.16 | L112: 5 | M112: 0.23 | N112: 26.6 | O112: 1.24 | P112: 0.04 | Q112: 0 | R112: =SUM(H112:Q112) -> 98.1 | S112: 12 | T112: =S112/(H112*'Molecular Weight'!$C$2/'Molecular Weight'!$D$2+I112*'Molecular Weight'!$C$3/'Molecular Weight'!$D$3+J112*'Molecular Weight'!$C$4/'Molecular Weight'!$D$4+K112*'Molecular Weight'!$C$5/'Molecular Weight'!$D$5+L112*'Molecular Weight'!$C$6/'Molecular Weight'!$D$6+M112*'Molecular Weight'!$C$8/'Molecular Weight'!$D$8+N112*'Molecular Weight'!$C$9/'Molecular Weight'!$D$9+O112*'Molecular Weight'!$C$10/'Molecular Weight'!$D$10+P112*'Molecular Weight'!$C$11/'Molecular Weight'!$D$11+Q112*'Molecular Weight'!$C$12/'Molecular Weight'!$D$12) -> 4.2304034 | U112: =H112*T112*'Molecular Weight'!$B$2/'Molecular Weight'!$D$2 -> 3.1122475 | V112: =I112*T112*'Molecular Weight'!$B$3/'Molecular Weight'!$D$3 -> 0.0068830092 | W112: =T112*J112*'Molecular Weight'!$B$4/'Molecular Weight'!$D$4 -> 1.7011234 | X112: =K112*T112*'Molecular Weight'!$B$5/'Molecular Weight'!$D$5 -> 0.0089066983 | Y112: =L112*T112*'Molecular Weight'!$B$6/'Molecular Weight'!$D$6 -> 0.2944323 | Z112: =M112*T112*'Molecular Weight'!$B$8/'Molecular Weight'!$D$8 -> 0.013715714 | AA112: =N112*T112*'Molecular Weight'!$B$9/'Molecular Weight'!$D$9 -> 2.7922762 | AB112: =O112*T112*'Molecular Weight'!$B$10/'Molecular Weight'!$D$10 -> 0.093539589 | AC112: =P112*T112*'Molecular Weight'!$B$11/'Molecular Weight'!$D$11 -> 0.0054603464 | AD112: =Q112*T112*'Molecular Weight'!$B$12/'Molecular Weight'!$D$12 -> 0 | AE112: =SUM(U112:AD112) -> 8.0285847 | AF112: =IF(IF(2*12*(1-8/AE112)<0,0,2*12*(1-8/AE112))<Y112,IF(2*12*(1-8/AE112)<0,0,2*12*(1-8/AE112)),Y112) -> 0.085448662 | AG112: =AF112/Y112 -> 0.29021497 | AH112: =Y112-AF112 -> 0.20898364 | AI112: =SUM(U112,V112) -> 3.1191305 | AJ112: =SUM(AA112,AB112,Z112,Y112) -> 3.1939638
... A123: Brey et al 2008 | B123: 10.1093/petrology/egn002 | C123: M-150 | D123: 6 | E123: 1400 | F123: Peridotite | G123: Peridotitic | H123: 43.1 | I123: 0.3 | J123: 20 | K123: 0.2 | L123: 6.8 | M123: 0.25 | N123: 22.3 | O123: 4.9 | P123: 0.08 | Q123: 0 | R123: =SUM(H123:Q123) -> 97.93 | S123: 12 | T123: =S123/(H123*'Molecular Weight'!$C$2/'Molecular Weight'!$D$2+I123*'Molecular Weight'!$C$3/'Molecular Weight'!$D$3+J123*'Molecular Weight'!$C$4/'Molecular Weight'!$D$4+K123*'Molecular Weight'!$C$5/'Molecular Weight'!$D$5+L123*'Molecular Weight'!$C$6/'Molecular Weight'!$D$6+M123*'Molecular Weight'!$C$8/'Molecular Weight'!$D$8+N123*'Molecular Weight'!$C$9/'Molecular Weight'!$D$9+O123*'Molecular Weight'!$C$10/'Molecular Weight'!$D$10+P123*'Molecular Weight'!$C$11/'Molecular Weight'!$D$11+Q123*'Molecular Weight'!$C$12/'Molecular Weight'!$D$12) -> 4.3245247 | U123: =H123*T123*'Molecular Weight'!$B$2/'Molecular Weight'!$D$2 -> 3.1023138 | V123: =I123*T123*'Molecular Weight'!$B$3/'Molecular Weight'!$D$3 -> 0.016237264 | W123: =T123*J123*'Molecular Weight'!$B$4/'Molecular Weight'!$D$4 -> 1.6965574 | X123: =K123*T123*'Molecular Weight'!$B$5/'Molecular Weight'!$D$5 -> 0.011381077 | Y123: =L123*T123*'Molecular Weight'!$B$6/'Molecular Weight'!$D$6 -> 0.40933697 | Z123: =M123*T123*'Molecular Weight'!$B$8/'Molecular Weight'!$D$8 -> 0.015240079 | AA123: =N123*T123*'Molecular Weight'!$B$9/'Molecular Weight'!$D$9 -> 2.3929752 | AB123: =O123*T123*'Molecular Weight'!$B$10/'Molecular Weight'!$D$10 -> 0.37785612 | AC123: =P123*T123*'Molecular Weight'!$B$11/'Molecular Weight'!$D$11 -> 0.011163665 | AD123: =Q123*T123*'Molecular Weight'!$B$12/'Molecular Weight'!$D$12 -> 0 | AE123: =SUM(U123:AD123) -> 8.0330615 | AF123: =IF(IF(2*12*(1-8/AE123)<0,0,2*12*(1-8/AE123))<Y123,IF(2*12*(1-8/AE123)<0,0,2*12*(1-8/AE123)),Y123) -> 0.098776401 | AG123: =AF123/Y123 -> 0.24130828 | AH123: =Y123-AF123 -> 0.31056057 | AI123: =SUM(U123,V123) -> 3.1185511 | AJ123: =SUM(AA123,AB123,Z123,Y123) -> 3.1954084
A124: Brey et al. 2009 | B124: 10.1016/j.lithos.2009.04.037 | C124: M-216 | D124: 6 | E124: 1100 | F124: Peridotite | G124: Peridotitic | H124: 42.5 | I124: 0.4 | J124: 20.1 | K124: 2.3 | L124: 8.1 | M124: 0.44 | N124: 20.5 | O124: 5.4 | P124: 0.06 | R124: =SUM(H124:Q124) -> 99.8 | S124: 12 | T124: =S124/(H124*'Molecular Weight'!$C$2/'Molecular Weight'!$D$2+I124*'Molecular Weight'!$C$3/'Molecular Weight'!$D$3+J124*'Molecular Weight'!$C$4/'Molecular Weight'!$D$4+K124*'Molecular Weight'!$C$5/'Molecular Weight'!$D$5+L124*'Molecular Weight'!$C$6/'Molecular Weight'!$D$6+M124*'Molecular Weight'!$C$8/'Molecular Weight'!$D$8+N124*'Molecular Weight'!$C$9/'Molecular Weight'!$D$9+O124*'Molecular Weight'!$C$10/'Molecular Weight'!$D$10+P124*'Molecular Weight'!$C$11/'Molecular Weight'!$D$11+Q124*'Molecular Weight'!$C$12/'Molecular Weight'!$D$12) -> 4.3064841 | U124: =H124*T124*'Molecular Weight'!$B$2/'Molecular Weight'!$D$2 -> 3.0463644 | V124: =I124*T124*'Molecular Weight'!$B$3/'Molecular Weight'!$D$3 -> 0.02155937 | W124: =T124*J124*'Molecular Weight'!$B$4/'Molecular Weight'!$D$4 -> 1.6979272 | X124: =K124*T124*'Molecular Weight'!$B$5/'Molecular Weight'!$D$5 -> 0.13033638 | Y124: =L124*T124*'Molecular Weight'!$B$6/'Molecular Weight'!$D$6 -> 0.48555848 | Z124: =M124*T124*'Molecular Weight'!$B$8/'Molecular Weight'!$D$8 -> 0.026710643 | AA124: =N124*T124*'Molecular Weight'!$B$9/'Molecular Weight'!$D$9 -> 2.1906433 | AB124: =O124*T124*'Molecular Weight'!$B$10/'Molecular Weight'!$D$10 -> 0.41467571 | AC124: =P124*T124*'Molecular Weight'!$B$11/'Molecular Weight'!$D$11 -> 0.0083378201 | AD124: =Q124*T124*'Molecular Weight'!$B$12/'Molecular Weight'!$D$12 -> 0 | AE124: =SUM(U124:AD124) -> 8.0221133 | AF124: =IF(IF(2*12*(1-8/AE124)<0,0,2*12*(1-8/AE124))<Y124,IF(2*12*(1-8/AE124)<0,0,2*12*(1-8/AE124)),Y124) -> 0.066157098 | AG124: =AF124/Y124 -> 0.1362495 | AH124: =Y124-AF124 -> 0.41940138 | AI124: =SUM(U124,V124) -> 3.0679238 | AJ124: =SUM(AA124,AB124,Z124,Y124) -> 3.1175881
A125: Brey et al. 2009 | B125: 10.1016/j.lithos.2009.04.037 | C125: M-152 | D125: 6 | E125: 1200 | F125: Peridotite | G125: Peridotitic | H125: 42.5 | I125: 0.55 | J125: 20.3 | K125: 2 | L125: 7.5 | M125: 0.34 | N125: 20.9 | O125: 5 | P125: 0.06 | R125: =SUM(H125:Q125) -> 99.15 | S125: 12 | T125: =S125/(H125*'Molecular Weight'!$C$2/'Molecular Weight'!$D$2+I125*'Molecular Weight'!$C$3/'Molecular Weight'!$D$3+J125*'Molecular Weight'!$C$4/'Molecular Weight'!$D$4+K125*'Molecular Weight'!$C$5/'Molecular Weight'!$D$5+L125*'Molecular Weight'!$C$6/'Molecular Weight'!$D$6+M125*'Molecular Weight'!$C$8/'Molecular Weight'!$D$8+N125*'Molecular Weight'!$C$9/'Molecular Weight'!$D$9+O125*'Molecular Weight'!$C$10/'Molecular Weight'!$D$10+P125*'Molecular Weight'!$C$11/'Molecular Weight'!$D$11+Q125*'Molecular Weight'!$C$12/'Molecular Weight'!$D$12) -> 4.3115139 | U125: =H125*T125*'Molecular Weight'!$B$2/'Molecular Weight'!$D$2 -> 3.0499225 | V125: =I125*T125*'Molecular Weight'!$B$3/'Molecular Weight'!$D$3 -> 0.029678757 | W125: =T125*J125*'Molecular Weight'!$B$4/'Molecular Weight'!$D$4 -> 1.7168249 | X125: =K125*T125*'Molecular Weight'!$B$5/'Molecular Weight'!$D$5 -> 0.11346836 | Y125: =L125*T125*'Molecular Weight'!$B$6/'Molecular Weight'!$D$6 -> 0.45011629 | Z125: =M125*T125*'Molecular Weight'!$B$8/'Molecular Weight'!$D$8 -> 0.020664149 | AA125: =N125*T125*'Molecular Weight'!$B$9/'Molecular Weight'!$D$9 -> 2.235996 | AB125: =O125*T125*'Molecular Weight'!$B$10/'Molecular Weight'!$D$10 -> 0.38440745 | AC125: =P125*T125*'Molecular Weight'!$B$11/'Molecular Weight'!$D$11 -> 0.0083475584 | AD125: =Q125*T125*'Molecular Weight'!$B$12/'Molecular Weight'!$D$12 -> 0 | AE125: =SUM(U125:AD125) -> 8.0094259 | AF125: =IF(IF(2*12*(1-8/AE125)<0,0,2*12*(1-8/AE125))<Y125,IF(2*12*(1-8/AE125)<0,0,2*12*(1-8/AE125)),Y125) -> 0.028244558 | AG125: =AF125/Y125 -> 0.062749468 | AH125: =Y125-AF125 -> 0.42187173 | AI125: =SUM(U125,V125) -> 3.0796012 | AJ125: =SUM(AA125,AB125,Z125,Y125) -> 3.0911839
A126: Brey et al. 2009 | B126: 10.1016/j.lithos.2009.04.037 | C126: M-204 | D126: 6 | E126: 1250 | F126: Peridotite | G126: Peridotitic | H126: 41.6 | I126: 0.5 | J126: 19.4 | K126: 2.7 | L126: 8 | M126: 0.32 | N126: 21.2 | O126: 6 | P126: 0.07 | R126: =SUM(H126:Q126) -> 99.79 | S126: 12 | T126: =S126/(H126*'Molecular Weight'!$C$2/'Molecular Weight'!$D$2+I126*'Molecular Weight'!$C$3/'Molecular Weight'!$D$3+J126*'Molecular Weight'!$C$4/'Molecular Weight'!$D$4+K126*'Molecular Weight'!$C$5/'Molecular Weight'!$D$5+L126*'Molecular Weight'!$C$6/'Molecular Weight'!$D$6+M126*'Molecular Weight'!$C$8/'Molecular Weight'!$D$8+N126*'Molecular Weight'!$C$9/'Molecular Weight'!$D$9+O126*'Molecular Weight'!$C$10/'Molecular Weight'!$D$10+P126*'Molecular Weight'!$C$11/'Molecular Weight'!$D$11+Q126*'Molecular Weight'!$C$12/'Molecular Weight'!$D$12) -> 4.3298097 | U126: =H126*T126*'Molecular Weight'!$B$2/'Molecular Weight'!$D$2 -> 2.9980041 | V126: =I126*T126*'Molecular Weight'!$B$3/'Molecular Weight'!$D$3 -> 0.02709518 | W126: =T126*J126*'Molecular Weight'!$B$4/'Molecular Weight'!$D$4 -> 1.6476718 | X126: =K126*T126*'Molecular Weight'!$B$5/'Molecular Weight'!$D$5 -> 0.15383231 | Y126: =L126*T126*'Molecular Weight'!$B$6/'Molecular Weight'!$D$6 -> 0.48216144 | Z126: =M126*T126*'Molecular Weight'!$B$8/'Molecular Weight'!$D$8 -> 0.019531141 | AA126: =N126*T126*'Molecular Weight'!$B$9/'Molecular Weight'!$D$9 -> 2.2777163 | AB126: =O126*T126*'Molecular Weight'!$B$10/'Molecular Weight'!$D$10 -> 0.4632464 | AC126: =P126*T126*'Molecular Weight'!$B$11/'Molecular Weight'!$D$11 -> 0.0097801446 | AD126: =Q126*T126*'Molecular Weight'!$B$12/'Molecular Weight'!$D$12 -> 0 | AE126: =SUM(U126:AD126) -> 8.0790388 | AF126: =IF(IF(2*12*(1-8/AE126)<0,0,2*12*(1-8/AE126))<Y126,IF(2*12*(1-8/AE126)<0,0,2*12*(1-8/AE126)),Y126) -> 0.23479655 | AG126: =AF126/Y126 -> 0.48696667 | AH126: =Y126-AF126 -> 0.24736489 | AI126: =SUM(U126,V126) -> 3.0250992 | AJ126: =SUM(AA126,AB126,Z126,Y126) -> 3.2426553
A127: Brey et al. 2009 | B127: 10.1016/j.lithos.2009.04.037 | C127: M-157 | D127: 6 | E127: 1300 | F127: Peridotite | G127: Peridotitic | H127: 42.3 | I127: 0.3 | J127: 19.8 | K127: 2.4 | L127: 6.7 | M127: 0.3 | N127: 22.6 | O127: 4.4 | P127: 0.04 | R127: =SUM(H127:Q127) -> 98.84 | S127: 12 | T127: =S127/(H127*'Molecular Weight'!$C$2/'Molecular Weight'!$D$2+I127*'Molecular Weight'!$C$3/'Molecular Weight'!$D$3+J127*'Molecular Weight'!$C$4/'Molecular Weight'!$D$4+K127*'Molecular Weight'!$C$5/'Molecular Weight'!$D$5+L127*'Molecular Weight'!$C$6/'Molecular Weight'!$D$6+M127*'Molecular Weight'!$C$8/'Molecular Weight'!$D$8+N127*'Molecular Weight'!$C$9/'Molecular Weight'!$D$9+O127*'Molecular Weight'!$C$10/'Molecular Weight'!$D$10+P127*'Molecular Weight'!$C$11/'Molecular Weight'!$D$11+Q127*'Molecular Weight'!$C$12/'Molecular Weight'!$D$12) -> 4.3119319 | U127: =H127*T127*'Molecular Weight'!$B$2/'Molecular Weight'!$D$2 -> 3.0358642 | V127: =I127*T127*'Molecular Weight'!$B$3/'Molecular Weight'!$D$3 -> 0.016189982 | W127: =T127*J127*'Molecular Weight'!$B$4/'Molecular Weight'!$D$4 -> 1.6747009 | X127: =K127*T127*'Molecular Weight'!$B$5/'Molecular Weight'!$D$5 -> 0.13617523 | Y127: =L127*T127*'Molecular Weight'!$B$6/'Molecular Weight'!$D$6 -> 0.40214287 | Z127: =M127*T127*'Molecular Weight'!$B$8/'Molecular Weight'!$D$8 -> 0.01823484 | AA127: =N127*T127*'Molecular Weight'!$B$9/'Molecular Weight'!$D$9 -> 2.4181057 | AB127: =O127*T127*'Molecular Weight'!$B$10/'Molecular Weight'!$D$10 -> 0.33831135 | AC127: =P127*T127*'Molecular Weight'!$B$11/'Molecular Weight'!$D$11 -> 0.0055655784 | AD127: =Q127*T127*'Molecular Weight'!$B$12/'Molecular Weight'!$D$12 -> 0 | AE127: =SUM(U127:AD127) -> 8.0452906 | AF127: =IF(IF(2*12*(1-8/AE127)<0,0,2*12*(1-8/AE127))<Y127,IF(2*12*(1-8/AE127)<0,0,2*12*(1-8/AE127)),Y127) -> 0.13510691 | AG127: =AF127/Y127 -> 0.33596743 | AH127: =Y127-AF127 -> 0.26703596 | AI127: =SUM(U127,V127) -> 3.0520541 | AJ127: =SUM(AA127,AB127,Z127,Y127) -> 3.1767948
A128: Brey et al. 2009 | B128: 10.1016/j.lithos.2009.04.037 | C128: M-151 | D128: 6 | E128: 1400 | F128: Peridotite | G128: Peridotitic | H128: 41.8 | I128: 0.25 | J128: 20.3 | K128: 2.2 | L128: 8.1 | M128: 0.31 | N128: 21.6 | O128: 4.6 | P128: 0.02 | R128: =SUM(H128:Q128) -> 99.18 | S128: 12 | T128: =S128/(H128*'Molecular Weight'!$C$2/'Molecular Weight'!$D$2+I128*'Molecular Weight'!$C$3/'Molecular Weight'!$D$3+J128*'Molecular Weight'!$C$4/'Molecular Weight'!$D$4+K128*'Molecular Weight'!$C$5/'Molecular Weight'!$D$5+L128*'Molecular Weight'!$C$6/'Molecular Weight'!$D$6+M128*'Molecular Weight'!$C$8/'Molecular Weight'!$D$8+N128*'Molecular Weight'!$C$9/'Molecular Weight'!$D$9+O128*'Molecular Weight'!$C$10/'Molecular Weight'!$D$10+P128*'Molecular Weight'!$C$11/'Molecular Weight'!$D$11+Q128*'Molecular Weight'!$C$12/'Molecular Weight'!$D$12) -> 4.3260364 | U128: =H128*T128*'Molecular Weight'!$B$2/'Molecular Weight'!$D$2 -> 3.0097923 | V128: =I128*T128*'Molecular Weight'!$B$3/'Molecular Weight'!$D$3 -> 0.013535783 | W128: =T128*J128*'Molecular Weight'!$B$4/'Molecular Weight'!$D$4 -> 1.7226077 | X128: =K128*T128*'Molecular Weight'!$B$5/'Molecular Weight'!$D$5 -> 0.12523561 | Y128: =L128*T128*'Molecular Weight'!$B$6/'Molecular Weight'!$D$6 -> 0.48776301 | Z128: =M128*T128*'Molecular Weight'!$B$8/'Molecular Weight'!$D$8 -> 0.018904303 | AA128: =N128*T128*'Molecular Weight'!$B$9/'Molecular Weight'!$D$9 -> 2.3186696 | AB128: =O128*T128*'Molecular Weight'!$B$10/'Molecular Weight'!$D$10 -> 0.35484607 | AC128: =P128*T128*'Molecular Weight'!$B$11/'Molecular Weight'!$D$11 -> 0.0027918918 | AD128: =Q128*T128*'Molecular Weight'!$B$12/'Molecular Weight'!$D$12 -> 0 | AE128: =SUM(U128:AD128) -> 8.0541462 | AF128: =IF(IF(2*12*(1-8/AE128)<0,0,2*12*(1-8/AE128))<Y128,IF(2*12*(1-8/AE128)<0,0,2*12*(1-8/AE128)),Y128) -> 0.16134667 | AG128: =AF128/Y128 -> 0.33078907 | AH128: =Y128-AF128 -> 0.32641634 | AI128: =SUM(U128,V128) -> 3.0233281 | AJ128: =SUM(AA128,AB128,Z128,Y128) -> 3.180183
A129: Brey et al. 2009 | B129: 10.1016/j.lithos.2009.04.037 | C129: M-248 | D129: 10 | E129: 1100 | F129: Peridotite | G129: Peridotitic | H129: 41.5 | I129: 0.16 | J129: 20.2 | K129: 2.57 | L129: 8.8 | M129: 0.43 | N129: 18.3 | O129: 7.7 | P129: 0.15 | R129: =SUM(H129:Q129) -> 99.81 | S129: 12 | T129: =S129/(H129*'Molecular Weight'!$C$2/'Molecular Weight'!$D$2+I129*'Molecular Weight'!$C$3/'Molecular Weight'!$D$3+J129*'Molecular Weight'!$C$4/'Molecular Weight'!$D$4+K129*'Molecular Weight'!$C$5/'Molecular Weight'!$D$5+L129*'Molecular Weight'!$C$6/'Molecular Weight'!$D$6+M129*'Molecular Weight'!$C$8/'Molecular Weight'!$D$8+N129*'Molecular Weight'!$C$9/'Molecular Weight'!$D$9+O129*'Molecular Weight'!$C$10/'Molecular Weight'!$D$10+P129*'Molecular Weight'!$C$11/'Molecular Weight'!$D$11+Q129*'Molecular Weight'!$C$12/'Molecular Weight'!$D$12) -> 4.3589631 | U129: =H129*T129*'Molecular Weight'!$B$2/'Molecular Weight'!$D$2 -> 3.0109349 | V129: =I129*T129*'Molecular Weight'!$B$3/'Molecular Weight'!$D$3 -> 0.0087288373 | W129: =T129*J129*'Molecular Weight'!$B$4/'Molecular Weight'!$D$4 -> 1.7271686 | X129: =K129*T129*'Molecular Weight'!$B$5/'Molecular Weight'!$D$5 -> 0.14741148 | Y129: =L129*T129*'Molecular Weight'!$B$6/'Molecular Weight'!$D$6 -> 0.53394871 | Z129: =M129*T129*'Molecular Weight'!$B$8/'Molecular Weight'!$D$8 -> 0.026421682 | AA129: =N129*T129*'Molecular Weight'!$B$9/'Molecular Weight'!$D$9 -> 1.9793803 | AB129: =O129*T129*'Molecular Weight'!$B$10/'Molecular Weight'!$D$10 -> 0.59850243 | AC129: =P129*T129*'Molecular Weight'!$B$11/'Molecular Weight'!$D$11 -> 0.021098563 | AD129: =Q129*T129*'Molecular Weight'!$B$12/'Molecular Weight'!$D$12 -> 0 | AE129: =SUM(U129:AD129) -> 8.0535955 | AF129: =IF(IF(2*12*(1-8/AE129)<0,0,2*12*(1-8/AE129))<Y129,IF(2*12*(1-8/AE129)<0,0,2*12*(1-8/AE129)),Y129) -> 0.15971646 | AG129: =AF129/Y129 -> 0.29912323 | AH129: =Y129-AF129 -> 0.37423225 | AI129: =SUM(U129,V129) -> 3.0196638 | AJ129: =SUM(AA129,AB129,Z129,Y129) -> 3.1382531
A130: Brey et al. 2009 | B130: 10.1016/j.lithos.2009.04.037 | C130: M-241 | D130: 10 | E130: 1200 | F130: Peridotite | G130: Peridotitic | H130: 45.4 | I130: 0.37 | J130: 17 | K130: 1.68 | L130: 5.2 | M130: 0.29 | N130: 24.9 | O130: 5 | P130: 0.06 | R130: =SUM(H130:Q130) -> 99.9 | S130: 12 | T130: =S130/(H130*'Molecular Weight'!$C$2/'Molecular Weight'!$D$2+I130*'Molecular Weight'!$C$3/'Molecular Weight'!$D$3+J130*'Molecular Weight'!$C$4/'Molecular Weight'!$D$4+K130*'Molecular Weight'!$C$5/'Molecular Weight'!$D$5+L130*'Molecular Weight'!$C$6/'Molecular Weight'!$D$6+M130*'Molecular Weight'!$C$8/'Molecular Weight'!$D$8+N130*'Molecular Weight'!$C$9/'Molecular Weight'!$D$9+O130*'Molecular Weight'!$C$10/'Molecular Weight'!$D$10+P130*'Molecular Weight'!$C$11/'Molecular Weight'!$D$11+Q130*'Molecular Weight'!$C$12/'Molecular Weight'!$D$12) -> 4.2277347 | U130: =H130*T130*'Molecular Weight'!$B$2/'Molecular Weight'!$D$2 -> 3.1947263 | V130: =I130*T130*'Molecular Weight'!$B$3/'Molecular Weight'!$D$3 -> 0.019577745 | W130: =T130*J130*'Molecular Weight'!$B$4/'Molecular Weight'!$D$4 -> 1.4097978 | X130: =K130*T130*'Molecular Weight'!$B$5/'Molecular Weight'!$D$5 -> 0.093461337 | Y130: =L130*T130*'Molecular Weight'!$B$6/'Molecular Weight'!$D$6 -> 0.30601643 | Z130: =M130*T130*'Molecular Weight'!$B$8/'Molecular Weight'!$D$8 -> 0.017282817 | AA130: =N130*T130*'Molecular Weight'!$B$9/'Molecular Weight'!$D$9 -> 2.6121735 | AB130: =O130*T130*'Molecular Weight'!$B$10/'Molecular Weight'!$D$10 -> 0.37693783 | AC130: =P130*T130*'Molecular Weight'!$B$11/'Molecular Weight'!$D$11 -> 0.0081853527 | AD130: =Q130*T130*'Molecular Weight'!$B$12/'Molecular Weight'!$D$12 -> 0 | AE130: =SUM(U130:AD130) -> 8.0381591 | AF130: =IF(IF(2*12*(1-8/AE130)<0,0,2*12*(1-8/AE130))<Y130,IF(2*12*(1-8/AE130)<0,0,2*12*(1-8/AE130)),Y130) -> 0.11393385 | AG130: =AF130/Y130 -> 0.37231285 | AH130: =Y130-AF130 -> 0.19208258 | AI130: =SUM(U130,V130) -> 3.214304 | AJ130: =SUM(AA130,AB130,Z130,Y130) -> 3.3124106
A131: Brey et al. 2009 | B131: 10.1016/j.lithos.2009.04.037 | C131: M-200 | D131: 10 | E131: 1400 | F131: Peridotite | G131: Peridotitic | H131: 44.7 | I131: 0.2 | J131: 16.4 | K131: 1.8 | L131: 8.9 | M131: 0.34 | N131: 24.4 | O131: 3.9 | P131: 0.05 | R131: =SUM(H131:Q131) -> 100.69 | S131: 12 | T131: =S131/(H131*'Molecular Weight'!$C$2/'Molecular Weight'!$D$2+I131*'Molecular Weight'!$C$3/'Molecular Weight'!$D$3+J131*'Molecular Weight'!$C$4/'Molecular Weight'!$D$4+K131*'Molecular Weight'!$C$5/'Molecular Weight'!$D$5+L131*'Molecular Weight'!$C$6/'Molecular Weight'!$D$6+M131*'Molecular Weight'!$C$8/'Molecular Weight'!$D$8+N131*'Molecular Weight'!$C$9/'Molecular Weight'!$D$9+O131*'Molecular Weight'!$C$10/'Molecular Weight'!$D$10+P131*'Molecular Weight'!$C$11/'Molecular Weight'!$D$11+Q131*'Molecular Weight'!$C$12/'Molecular Weight'!$D$12) -> 4.261997 | U131: =H131*T131*'Molecular Weight'!$B$2/'Molecular Weight'!$D$2 -> 3.1709598 | V131: =I131*T131*'Molecular Weight'!$B$3/'Molecular Weight'!$D$3 -> 0.010668328 | W131: =T131*J131*'Molecular Weight'!$B$4/'Molecular Weight'!$D$4 -> 1.3710622 | X131: =K131*T131*'Molecular Weight'!$B$5/'Molecular Weight'!$D$5 -> 0.10094867 | Y131: =L131*T131*'Molecular Weight'!$B$6/'Molecular Weight'!$D$6 -> 0.52800352 | Z131: =M131*T131*'Molecular Weight'!$B$8/'Molecular Weight'!$D$8 -> 0.020426825 | AA131: =N131*T131*'Molecular Weight'!$B$9/'Molecular Weight'!$D$9 -> 2.5804647 | AB131: =O131*T131*'Molecular Weight'!$B$10/'Molecular Weight'!$D$10 -> 0.29639423 | AC131: =P131*T131*'Molecular Weight'!$B$11/'Molecular Weight'!$D$11 -> 0.0068764069 | AD131: =Q131*T131*'Molecular Weight'!$B$12/'Molecular Weight'!$D$12 -> 0 | AE131: =SUM(U131:AD131) -> 8.0858046 | AF131: =IF(IF(2*12*(1-8/AE131)<0,0,2*12*(1-8/AE131))<Y131,IF(2*12*(1-8/AE131)<0,0,2*12*(1-8/AE131)),Y131) -> 0.25468231 | AG131: =AF131/Y131 -> 0.48234965 | AH131: =Y131-AF131 -> 0.27332121 | AI131: =SUM(U131,V131) -> 3.1816281 | AJ131: =SUM(AA131,AB131,Z131,Y131) -> 3.4252892
A132: Brey et al. 2009 | B132: 10.1016/j.lithos.2009.04.037 | C132: M-160 | D132: 10 | E132: 1500 | F132: Peridotite | G132: Peridotitic | H132: 43.7 | I132: 0.13 | J132: 17.6 | K132: 2.35 | L132: 6.4 | M132: 0.31 | N132: 24.5 | O132: 3.66 | P132: 0.03 | R132: =SUM(H132:Q132) -> 98.68 | S132: 12 | T132: =S132/(H132*'Molecular Weight'!$C$2/'Molecular Weight'!$D$2+I132*'Molecular Weight'!$C$3/'Molecular Weight'!$D$3+J132*'Molecular Weight'!$C$4/'Molecular Weight'!$D$4+K132*'Molecular Weight'!$C$5/'Molecular Weight'!$D$5+L132*'Molecular Weight'!$C$6/'Molecular Weight'!$D$6+M132*'Molecular Weight'!$C$8/'Molecular Weight'!$D$8+N132*'Molecular Weight'!$C$9/'Molecular Weight'!$D$9+O132*'Molecular Weight'!$C$10/'Molecular Weight'!$D$10+P132*'Molecular Weight'!$C$11/'Molecular Weight'!$D$11+Q132*'Molecular Weight'!$C$12/'Molecular Weight'!$D$12) -> 4.3020606 | U132: =H132*T132*'Molecular Weight'!$B$2/'Molecular Weight'!$D$2 -> 3.1291619 | V132: =I132*T132*'Molecular Weight'!$B$3/'Molecular Weight'!$D$3 -> 0.0069995979 | W132: =T132*J132*'Molecular Weight'!$B$4/'Molecular Weight'!$D$4 -> 1.4852151 | X132: =K132*T132*'Molecular Weight'!$B$5/'Molecular Weight'!$D$5 -> 0.13303299 | Y132: =L132*T132*'Molecular Weight'!$B$6/'Molecular Weight'!$D$6 -> 0.38325707 | Z132: =M132*T132*'Molecular Weight'!$B$8/'Molecular Weight'!$D$8 -> 0.018799532 | AA132: =N132*T132*'Molecular Weight'!$B$9/'Molecular Weight'!$D$9 -> 2.6153966 | AB132: =O132*T132*'Molecular Weight'!$B$10/'Molecular Weight'!$D$10 -> 0.28076929 | AC132: =P132*T132*'Molecular Weight'!$B$11/'Molecular Weight'!$D$11 -> 0.0041646279 | AD132: =Q132*T132*'Molecular Weight'!$B$12/'Molecular Weight'!$D$12 -> 0 | AE132: =SUM(U132:AD132) -> 8.0567968 | AF132: =IF(IF(2*12*(1-8/AE132)<0,0,2*12*(1-8/AE132))<Y132,IF(2*12*(1-8/AE132)<0,0,2*12*(1-8/AE132)),Y132) -> 0.1691891 | AG132: =AF132/Y132 -> 0.44145069 | AH132: =Y132-AF132 -> 0.21406797 | AI132: =SUM(U132,V132) -> 3.1361615 | AJ132: =SUM(AA132,AB132,Z132,Y132) -> 3.2982225
A133: Brey et al. 2009 | B133: 10.1016/j.lithos.2009.04.037 | C133: M-161 | D133: 10 | E133: 1600 | F133: Peridotite | G133: Peridotitic | H133: 44.8 | I133: 0.08 | J133: 15 | K133: 1.8 | L133: 9.1 | M133: 0.29 | N133: 26.2 | O133: 1.5 | R133: =SUM(H133:Q133) -> 98.77 | S133: 12 | T133: =S133/(H133*'Molecular Weight'!$C$2/'Molecular Weight'!$D$2+I133*'Molecular Weight'!$C$3/'Molecular Weight'!$D$3+J133*'Molecular Weight'!$C$4/'Molecular Weight'!$D$4+K133*'Molecular Weight'!$C$5/'Molecular Weight'!$D$5+L133*'Molecular Weight'!$C$6/'Molecular Weight'!$D$6+M133*'Molecular Weight'!$C$8/'Molecular Weight'!$D$8+N133*'Molecular Weight'!$C$9/'Molecular Weight'!$D$9+O133*'Molecular Weight'!$C$10/'Molecular Weight'!$D$10+P133*'Molecular Weight'!$C$11/'Molecular Weight'!$D$11+Q133*'Molecular Weight'!$C$12/'Molecular Weight'!$D$12) -> 4.3198791 | U133: =H133*T133*'Molecular Weight'!$B$2/'Molecular Weight'!$D$2 -> 3.2212148 | V133: =I133*T133*'Molecular Weight'!$B$3/'Molecular Weight'!$D$3 -> 0.0043252857 | W133: =T133*J133*'Molecular Weight'!$B$4/'Molecular Weight'!$D$4 -> 1.2710511 | X133: =K133*T133*'Molecular Weight'!$B$5/'Molecular Weight'!$D$5 -> 0.10231966 | Y133: =L133*T133*'Molecular Weight'!$B$6/'Molecular Weight'!$D$6 -> 0.54720073 | Z133: =M133*T133*'Molecular Weight'!$B$8/'Molecular Weight'!$D$8 -> 0.0176595 | AA133: =N133*T133*'Molecular Weight'!$B$9/'Molecular Weight'!$D$9 -> 2.8084574 | AB133: =O133*T133*'Molecular Weight'!$B$10/'Molecular Weight'!$D$10 -> 0.11554598 | AC133: =P133*T133*'Molecular Weight'!$B$11/'Molecular Weight'!$D$11 -> 0 | AD133: =Q133*T133*'Molecular Weight'!$B$12/'Molecular Weight'!$D$12 -> 0 | AE133: =SUM(U133:AD133) -> 8.0877745 | AF133: =IF(IF(2*12*(1-8/AE133)<0,0,2*12*(1-8/AE133))<Y133,IF(2*12*(1-8/AE133)<0,0,2*12*(1-8/AE133)),Y133) -> 0.26046574 | AG133: =AF133/Y133 -> 0.47599671 | AH133: =Y133-AF133 -> 0.28673498 | AI133: =SUM(U133,V133) -> 3.2255401 | AJ133: =SUM(AA133,AB133,Z133,Y133) -> 3.4888636
A134: Brey et al. 2009 | B134: 10.1016/j.lithos.2009.04.037 | C134: M-217 | D134: 6 | E134: 1200 | F134: Peridotite | G134: Peridotitic | H134: 39.9 | I134: 0.47 | J134: 18.1 | K134: 1.82 | L134: 11.3 | M134: 0.39 | N134: 12.1 | O134: 14.5 | R134: =SUM(H134:Q134) -> 98.58 | S134: 12 | T134: =S134/(H134*'Molecular Weight'!$C$2/'Molecular Weight'!$D$2+I134*'Molecular Weight'!$C$3/'Molecular Weight'!$D$3+J134*'Molecular Weight'!$C$4/'Molecular Weight'!$D$4+K134*'Molecular Weight'!$C$5/'Molecular Weight'!$D$5+L134*'Molecular Weight'!$C$6/'Molecular Weight'!$D$6+M134*'Molecular Weight'!$C$8/'Molecular Weight'!$D$8+N134*'Molecular Weight'!$C$9/'Molecular Weight'!$D$9+O134*'Molecular Weight'!$C$10/'Molecular Weight'!$D$10+P134*'Molecular Weight'!$C$11/'Molecular Weight'!$D$11+Q134*'Molecular Weight'!$C$12/'Molecular Weight'!$D$12) -> 4.5626026 | U134: =H134*T134*'Molecular Weight'!$B$2/'Molecular Weight'!$D$2 -> 3.0300906 | V134: =I134*T134*'Molecular Weight'!$B$3/'Molecular Weight'!$D$3 -> 0.026838839 | W134: =T134*J134*'Molecular Weight'!$B$4/'Molecular Weight'!$D$4 -> 1.6199119 | X134: =K134*T134*'Molecular Weight'!$B$5/'Molecular Weight'!$D$5 -> 0.10926951 | Y134: =L134*T134*'Molecular Weight'!$B$6/'Molecular Weight'!$D$6 -> 0.71766994 | Z134: =M134*T134*'Molecular Weight'!$B$8/'Molecular Weight'!$D$8 -> 0.02508338 | AA134: =N134*T134*'Molecular Weight'!$B$9/'Molecular Weight'!$D$9 -> 1.3699129 | AB134: =O134*T134*'Molecular Weight'!$B$10/'Molecular Weight'!$D$10 -> 1.1797029 | AC134: =P134*T134*'Molecular Weight'!$B$11/'Molecular Weight'!$D$11 -> 0 | AD134: =Q134*T134*'Molecular Weight'!$B$12/'Molecular Weight'!$D$12 -> 0 | AE134: =SUM(U134:AD134) -> 8.0784799 | AF134: =IF(IF(2*12*(1-8/AE134)<0,0,2*12*(1-8/AE134))<Y134,IF(2*12*(1-8/AE134)<0,0,2*12*(1-8/AE134)),Y134) -> 0.23315248 | AG134: =AF134/Y134 -> 0.32487425 | AH134: =Y134-AF134 -> 0.48451746 | AI134: =SUM(U134,V134) -> 3.0569294 | AJ134: =SUM(AA134,AB134,Z134,Y134) -> 3.2923691
A135: Brey et al. 2009 | B135: 10.1016/j.lithos.2009.04.037 | C135: M-202 | D135: 6 | E135: 1300 | F135: Peridotite | G135: Peridotitic | H135: 44.1 | I135: 0.32 | J135: 19.3 | K135: 2.2 | L135: 6.2 | M135: 0.32 | N135: 21.5 | O135: 7.6 | P135: 0.03 | R135: =SUM(H135:Q135) -> 101.57 | S135: 12 | T135: =S135/(H135*'Molecular Weight'!$C$2/'Molecular Weight'!$D$2+I135*'Molecular Weight'!$C$3/'Molecular Weight'!$D$3+J135*'Molecular Weight'!$C$4/'Molecular Weight'!$D$4+K135*'Molecular Weight'!$C$5/'Molecular Weight'!$D$5+L135*'Molecular Weight'!$C$6/'Molecular Weight'!$D$6+M135*'Molecular Weight'!$C$8/'Molecular Weight'!$D$8+N135*'Molecular Weight'!$C$9/'Molecular Weight'!$D$9+O135*'Molecular Weight'!$C$10/'Molecular Weight'!$D$10+P135*'Molecular Weight'!$C$11/'Molecular Weight'!$D$11+Q135*'Molecular Weight'!$C$12/'Molecular Weight'!$D$12) -> 4.213981 | U135: =H135*T135*'Molecular Weight'!$B$2/'Molecular Weight'!$D$2 -> 3.0931519 | V135: =I135*T135*'Molecular Weight'!$B$3/'Molecular Weight'!$D$3 -> 0.01687702 | W135: =T135*J135*'Molecular Weight'!$B$4/'Molecular Weight'!$D$4 -> 1.5953282 | X135: =K135*T135*'Molecular Weight'!$B$5/'Molecular Weight'!$D$5 -> 0.12199169 | Y135: =L135*T135*'Molecular Weight'!$B$6/'Molecular Weight'!$D$6 -> 0.36367876 | Z135: =M135*T135*'Molecular Weight'!$B$8/'Molecular Weight'!$D$8 -> 0.019008654 | AA135: =N135*T135*'Molecular Weight'!$B$9/'Molecular Weight'!$D$9 -> 2.2481537 | AB135: =O135*T135*'Molecular Weight'!$B$10/'Molecular Weight'!$D$10 -> 0.5710816 | AC135: =P135*T135*'Molecular Weight'!$B$11/'Molecular Weight'!$D$11 -> 0.0040793621 | AD135: =Q135*T135*'Molecular Weight'!$B$12/'Molecular Weight'!$D$12 -> 0 | AE135: =SUM(U135:AD135) -> 8.0333508 | AF135: =IF(IF(2*12*(1-8/AE135)<0,0,2*12*(1-8/AE135))<Y135,IF(2*12*(1-8/AE135)<0,0,2*12*(1-8/AE135)),Y135) -> 0.09963714 | AG135: =AF135/Y135 -> 0.27397019 | AH135: =Y135-AF135 -> 0.26404162 | AI135: =SUM(U135,V135) -> 3.1100289 | AJ135: =SUM(AA135,AB135,Z135,Y135) -> 3.2019227
A136: Brey et al. 2009 | B136: 10.1016/j.lithos.2009.04.037 | C136: M-164 | D136: 6 | E136: 1400 | F136: Peridotite | G136: Peridotitic | H136: 41.3 | I136: 0.25 | J136: 19.9 | K136: 2.2 | L136: 6.9 | M136: 0.26 | N136: 19.6 | O136: 8.1 | R136: =SUM(H136:Q136) -> 98.51 | S136: 12 | T136: =S136/(H136*'Molecular Weight'!$C$2/'Molecular Weight'!$D$2+I136*'Molecular Weight'!$C$3/'Molecular Weight'!$D$3+J136*'Molecular Weight'!$C$4/'Molecular Weight'!$D$4+K136*'Molecular Weight'!$C$5/'Molecular Weight'!$D$5+L136*'Molecular Weight'!$C$6/'Molecular Weight'!$D$6+M136*'Molecular Weight'!$C$8/'Molecular Weight'!$D$8+N136*'Molecular Weight'!$C$9/'Molecular Weight'!$D$9+O136*'Molecular Weight'!$C$10/'Molecular Weight'!$D$10+P136*'Molecular Weight'!$C$11/'Molecular Weight'!$D$11+Q136*'Molecular Weight'!$C$12/'Molecular Weight'!$D$12) -> 4.3786995 | U136: =H136*T136*'Molecular Weight'!$B$2/'Molecular Weight'!$D$2 -> 3.0099915 | V136: =I136*T136*'Molecular Weight'!$B$3/'Molecular Weight'!$D$3 -> 0.013700562 | W136: =T136*J136*'Molecular Weight'!$B$4/'Molecular Weight'!$D$4 -> 1.7092217 | X136: =K136*T136*'Molecular Weight'!$B$5/'Molecular Weight'!$D$5 -> 0.12676017 | Y136: =L136*T136*'Molecular Weight'!$B$6/'Molecular Weight'!$D$6 -> 0.42055995 | Z136: =M136*T136*'Molecular Weight'!$B$8/'Molecular Weight'!$D$8 -> 0.016048236 | AA136: =N136*T136*'Molecular Weight'!$B$9/'Molecular Weight'!$D$9 -> 2.1295908 | AB136: =O136*T136*'Molecular Weight'!$B$10/'Molecular Weight'!$D$10 -> 0.63244412 | AC136: =P136*T136*'Molecular Weight'!$B$11/'Molecular Weight'!$D$11 -> 0 | AD136: =Q136*T136*'Molecular Weight'!$B$12/'Molecular Weight'!$D$12 -> 0 | AE136: =SUM(U136:AD136) -> 8.058317 | AF136: =IF(IF(2*12*(1-8/AE136)<0,0,2*12*(1-8/AE136))<Y136,IF(2*12*(1-8/AE136)<0,0,2*12*(1-8/AE136)),Y136) -> 0.17368496 | AG136: =AF136/Y136 -> 0.41298503 | AH136: =Y136-AF136 -> 0.24687499 | AI136: =SUM(U136,V136) -> 3.0236921 | AJ136: =SUM(AA136,AB136,Z136,Y136) -> 3.1986431
A137: Brey et al. 2009 | B137: 10.1016/j.lithos.2009.04.037 | C137: M-205 | D137: 6 | E137: 1500 | F137: Peridotite | G137: Peridotitic | H137: 42.4 | I137: 0.24 | J137: 19.4 | K137: 2.1 | L137: 7.8 | M137: 0.29 | N137: 20.3 | O137: 8 | P137: 0.03 | R137: =SUM(H137:Q137) -> 100.56 | S137: 12 | T137: =S137/(H137*'Molecular Weight'!$C$2/'Molecular Weight'!$D$2+I137*'Molecular Weight'!$C$3/'Molecular Weight'!$D$3+J137*'Molecular Weight'!$C$4/'Molecular Weight'!$D$4+K137*'Molecular Weight'!$C$5/'Molecular Weight'!$D$5+L137*'Molecular Weight'!$C$6/'Molecular Weight'!$D$6+M137*'Molecular Weight'!$C$8/'Molecular Weight'!$D$8+N137*'Molecular Weight'!$C$9/'Molecular Weight'!$D$9+O137*'Molecular Weight'!$C$10/'Molecular Weight'!$D$10+P137*'Molecular Weight'!$C$11/'Molecular Weight'!$D$11+Q137*'Molecular Weight'!$C$12/'Molecular Weight'!$D$12) -> 4.3022424 | U137: =H137*T137*'Molecular Weight'!$B$2/'Molecular Weight'!$D$2 -> 3.036203 | V137: =I137*T137*'Molecular Weight'!$B$3/'Molecular Weight'!$D$3 -> 0.012922881 | W137: =T137*J137*'Molecular Weight'!$B$4/'Molecular Weight'!$D$4 -> 1.6371813 | X137: =K137*T137*'Molecular Weight'!$B$5/'Molecular Weight'!$D$5 -> 0.11888557 | Y137: =L137*T137*'Molecular Weight'!$B$6/'Molecular Weight'!$D$6 -> 0.46711429 | Z137: =M137*T137*'Molecular Weight'!$B$8/'Molecular Weight'!$D$8 -> 0.017587402 | AA137: =N137*T137*'Molecular Weight'!$B$9/'Molecular Weight'!$D$9 -> 2.1671345 | AB137: =O137*T137*'Molecular Weight'!$B$10/'Molecular Weight'!$D$10 -> 0.6137293 | AC137: =P137*T137*'Molecular Weight'!$B$11/'Molecular Weight'!$D$11 -> 0.0041648039 | AD137: =Q137*T137*'Molecular Weight'!$B$12/'Molecular Weight'!$D$12 -> 0 | AE137: =SUM(U137:AD137) -> 8.0749231 | AF137: =IF(IF(2*12*(1-8/AE137)<0,0,2*12*(1-8/AE137))<Y137,IF(2*12*(1-8/AE137)<0,0,2*12*(1-8/AE137)),Y137) -> 0.22268369 | AG137: =AF137/Y137 -> 0.47672206 | AH137: =Y137-AF137 -> 0.2444306 | AI137: =SUM(U137,V137) -> 3.0491259 | AJ137: =SUM(AA137,AB137,Z137,Y137) -> 3.2655655
A138: Brey et al. 2009 | B138: 10.1016/j.lithos.2009.04.037 | C138: M-212 | D138: 10 | E138: 1300 | F138: Peridotite | G138: Peridotitic | H138: 42.5 | I138: 0.65 | J138: 15.3 | K138: 1.8 | L138: 10 | M138: 0.38 | N138: 17.4 | O138: 11.1 | P138: 0.04 | R138: =SUM(H138:Q138) -> 99.17 | S138: 12 | T138: =S138/(H138*'Molecular Weight'!$C$2/'Molecular Weight'!$D$2+I138*'Molecular Weight'!$C$3/'Molecular Weight'!$D$3+J138*'Molecular Weight'!$C$4/'Molecular Weight'!$D$4+K138*'Molecular Weight'!$C$5/'Molecular Weight'!$D$5+L138*'Molecular Weight'!$C$6/'Molecular Weight'!$D$6+M138*'Molecular Weight'!$C$8/'Molecular Weight'!$D$8+N138*'Molecular Weight'!$C$9/'Molecular Weight'!$D$9+O138*'Molecular Weight'!$C$10/'Molecular Weight'!$D$10+P138*'Molecular Weight'!$C$11/'Molecular Weight'!$D$11+Q138*'Molecular Weight'!$C$12/'Molecular Weight'!$D$12) -> 4.458233 | U138: =H138*T138*'Molecular Weight'!$B$2/'Molecular Weight'!$D$2 -> 3.1537101 | V138: =I138*T138*'Molecular Weight'!$B$3/'Molecular Weight'!$D$3 -> 0.036268479 | W138: =T138*J138*'Molecular Weight'!$B$4/'Molecular Weight'!$D$4 -> 1.3379946 | X138: =K138*T138*'Molecular Weight'!$B$5/'Molecular Weight'!$D$5 -> 0.10559668 | Y138: =L138*T138*'Molecular Weight'!$B$6/'Molecular Weight'!$D$6 -> 0.62057809 | Z138: =M138*T138*'Molecular Weight'!$B$8/'Molecular Weight'!$D$8 -> 0.023881147 | AA138: =N138*T138*'Molecular Weight'!$B$9/'Molecular Weight'!$D$9 -> 1.9248946 | AB138: =O138*T138*'Molecular Weight'!$B$10/'Molecular Weight'!$D$10 -> 0.88242486 | AC138: =P138*T138*'Molecular Weight'!$B$11/'Molecular Weight'!$D$11 -> 0.005754415 | AD138: =Q138*T138*'Molecular Weight'!$B$12/'Molecular Weight'!$D$12 -> 0 | AE138: =SUM(U138:AD138) -> 8.091103 | AF138: =IF(IF(2*12*(1-8/AE138)<0,0,2*12*(1-8/AE138))<Y138,IF(2*12*(1-8/AE138)<0,0,2*12*(1-8/AE138)),Y138) -> 0.27023164 | AG138: =AF138/Y138 -> 0.43545146 | AH138: =Y138-AF138 -> 0.35034645 | AI138: =SUM(U138,V138) -> 3.1899786 | AJ138: =SUM(AA138,AB138,Z138,Y138) -> 3.4517787
A139: Brey et al. 2009 | B139: 10.1016/j.lithos.2009.04.037 | C139: M-207 | D139: 10 | E139: 1400 | F139: Peridotite | G139: Peridotitic | H139: 43.8 | I139: 0.49 | J139: 15 | K139: 1.86 | L139: 8.1 | M139: 0.36 | N139: 20.9 | O139: 9.2 | P139: 0.03 | R139: =SUM(H139:Q139) -> 99.74 | S139: 12 | T139: =S139/(H139*'Molecular Weight'!$C$2/'Molecular Weight'!$D$2+I139*'Molecular Weight'!$C$3/'Molecular Weight'!$D$3+J139*'Molecular Weight'!$C$4/'Molecular Weight'!$D$4+K139*'Molecular Weight'!$C$5/'Molecular Weight'!$D$5+L139*'Molecular Weight'!$C$6/'Molecular Weight'!$D$6+M139*'Molecular Weight'!$C$8/'Molecular Weight'!$D$8+N139*'Molecular Weight'!$C$9/'Molecular Weight'!$D$9+O139*'Molecular Weight'!$C$10/'Molecular Weight'!$D$10+P139*'Molecular Weight'!$C$11/'Molecular Weight'!$D$11+Q139*'Molecular Weight'!$C$12/'Molecular Weight'!$D$12) -> 4.3646604 | U139: =H139*T139*'Molecular Weight'!$B$2/'Molecular Weight'!$D$2 -> 3.1819595 | V139: =I139*T139*'Molecular Weight'!$B$3/'Molecular Weight'!$D$3 -> 0.026767003 | W139: =T139*J139*'Molecular Weight'!$B$4/'Molecular Weight'!$D$4 -> 1.2842273 | X139: =K139*T139*'Molecular Weight'!$B$5/'Molecular Weight'!$D$5 -> 0.10682635 | Y139: =L139*T139*'Molecular Weight'!$B$6/'Molecular Weight'!$D$6 -> 0.49211789 | Z139: =M139*T139*'Molecular Weight'!$B$8/'Molecular Weight'!$D$8 -> 0.02214939 | AA139: =N139*T139*'Molecular Weight'!$B$9/'Molecular Weight'!$D$9 -> 2.2635584 | AB139: =O139*T139*'Molecular Weight'!$B$10/'Molecular Weight'!$D$10 -> 0.71602845 | AC139: =P139*T139*'Molecular Weight'!$B$11/'Molecular Weight'!$D$11 -> 0.0042252278 | AD139: =Q139*T139*'Molecular Weight'!$B$12/'Molecular Weight'!$D$12 -> 0 | AE139: =SUM(U139:AD139) -> 8.0978594 | AF139: =IF(IF(2*12*(1-8/AE139)<0,0,2*12*(1-8/AE139))<Y139,IF(2*12*(1-8/AE139)<0,0,2*12*(1-8/AE139)),Y139) -> 0.2900303 | AG139: =AF139/Y139 -> 0.58935127 | AH139: =Y139-AF139 -> 0.20208758 | AI139: =SUM(U139,V139) -> 3.2087265 | AJ139: =SUM(AA139,AB139,Z139,Y139) -> 3.4938541
A140: Brey et al. 2009 | B140: 10.1016/j.lithos.2009.04.037 | C140: M-209 | D140: 10 | E140: 1500 | F140: Peridotite | G140: Peridotitic | H140: 43.9 | I140: 0.31 | J140: 16.5 | K140: 1.8 | L140: 6.5 | M140: 0.27 | N140: 21.6 | O140: 8.7 | P140: 0.03 | R140: =SUM(H140:Q140) -> 99.61 | S140: 12 | T140: =S140/(H140*'Molecular Weight'!$C$2/'Molecular Weight'!$D$2+I140*'Molecular Weight'!$C$3/'Molecular Weight'!$D$3+J140*'Molecular Weight'!$C$4/'Molecular Weight'!$D$4+K140*'Molecular Weight'!$C$5/'Molecular Weight'!$D$5+L140*'Molecular Weight'!$C$6/'Molecular Weight'!$D$6+M140*'Molecular Weight'!$C$8/'Molecular Weight'!$D$8+N140*'Molecular Weight'!$C$9/'Molecular Weight'!$D$9+O140*'Molecular Weight'!$C$10/'Molecular Weight'!$D$10+P140*'Molecular Weight'!$C$11/'Molecular Weight'!$D$11+Q140*'Molecular Weight'!$C$12/'Molecular Weight'!$D$12) -> 4.3227008 | U140: =H140*T140*'Molecular Weight'!$B$2/'Molecular Weight'!$D$2 -> 3.1585647 | V140: =I140*T140*'Molecular Weight'!$B$3/'Molecular Weight'!$D$3 -> 0.01677143 | W140: =T140*J140*'Molecular Weight'!$B$4/'Molecular Weight'!$D$4 -> 1.3990695 | X140: =K140*T140*'Molecular Weight'!$B$5/'Molecular Weight'!$D$5 -> 0.10238649 | Y140: =L140*T140*'Molecular Weight'!$B$6/'Molecular Weight'!$D$6 -> 0.39111296 | Z140: =M140*T140*'Molecular Weight'!$B$8/'Molecular Weight'!$D$8 -> 0.016452343 | AA140: =N140*T140*'Molecular Weight'!$B$9/'Molecular Weight'!$D$9 -> 2.3168818 | AB140: =O140*T140*'Molecular Weight'!$B$10/'Molecular Weight'!$D$10 -> 0.67060444 | AC140: =P140*T140*'Molecular Weight'!$B$11/'Molecular Weight'!$D$11 -> 0.0041846087 | AD140: =Q140*T140*'Molecular Weight'!$B$12/'Molecular Weight'!$D$12 -> 0 | AE140: =SUM(U140:AD140) -> 8.0760282 | AF140: =IF(IF(2*12*(1-8/AE140)<0,0,2*12*(1-8/AE140))<Y140,IF(2*12*(1-8/AE140)<0,0,2*12*(1-8/AE140)),Y140) -> 0.22593748 | AG140: =AF140/Y140 -> 0.57767833 | AH140: =Y140-AF140 -> 0.16517548 | AI140: =SUM(U140,V140) -> 3.1753361 | AJ140: =SUM(AA140,AB140,Z140,Y140) -> 3.3950515
A141: Bualtov et al. 2014 | B141: 10.1016/j.lithos.2014.05.010 | C141: M390(p) | D141: 7.5 | E141: 900 | F141: Sediment–peridotite | G141: Peridotitic | H141: 42.08 | I141: 0.066727273 | J141: 18.326364 | K141: 6.9518182 | L141: 6.2827273 | M141: 0.29681818 | N141: 21.291818 | O141: 4.8136364 | R141: =SUM(H141:Q141) -> 100.10991 | S141: 12 | T141: =S141/(H141*'Molecular Weight'!$C$2/'Molecular Weight'!$D$2+I141*'Molecular Weight'!$C$3/'Molecular Weight'!$D$3+J141*'Molecular Weight'!$C$4/'Molecular Weight'!$D$4+K141*'Molecular Weight'!$C$5/'Molecular Weight'!$D$5+L141*'Molecular Weight'!$C$6/'Molecular Weight'!$D$6+M141*'Molecular Weight'!$C$8/'Molecular Weight'!$D$8+N141*'Molecular Weight'!$C$9/'Molecular Weight'!$D$9+O141*'Molecular Weight'!$C$10/'Molecular Weight'!$D$10+P141*'Molecular Weight'!$C$11/'Molecular Weight'!$D$11+Q141*'Molecular Weight'!$C$12/'Molecular Weight'!$D$12) -> 4.3092397 | U141: =H141*T141*'Molecular Weight'!$B$2/'Molecular Weight'!$D$2 -> 3.0181892 | V141: =I141*T141*'Molecular Weight'!$B$3/'Molecular Weight'!$D$3 -> 0.0035987962 | W141: =T141*J141*'Molecular Weight'!$B$4/'Molecular Weight'!$D$4 -> 1.5490917 | X141: =K141*T141*'Molecular Weight'!$B$5/'Molecular Weight'!$D$5 -> 0.39419766 | Y141: =L141*T141*'Molecular Weight'!$B$6/'Molecular Weight'!$D$6 -> 0.37686216 | Z141: =M141*T141*'Molecular Weight'!$B$8/'Molecular Weight'!$D$8 -> 0.018030176 | AA141: =N141*T141*'Molecular Weight'!$B$9/'Molecular Weight'!$D$9 -> 2.2767134 | AB141: =O141*T141*'Molecular Weight'!$B$10/'Molecular Weight'!$D$10 -> 0.36988432 | AC141: =P141*T141*'Molecular Weight'!$B$11/'Molecular Weight'!$D$11 -> 0 | AD141: =Q141*T141*'Molecular Weight'!$B$12/'Molecular Weight'!$D$12 -> 0 | AE141: =SUM(U141:AD141) -> 8.0065673 | AF141: =IF(IF(2*12*(1-8/AE141)<0,0,2*12*(1-8/AE141))<Y141,IF(2*12*(1-8/AE141)<0,0,2*12*(1-8/AE141)),Y141) -> 0.019685871 | AG141: =AF141/Y141 -> 0.052236263 | AH141: =Y141-AF141 -> 0.35717629 | AI141: =SUM(U141,V141) -> 3.021788 | AJ141: =SUM(AA141,AB141,Z141,Y141) -> 3.04149
A142: Bualtov et al. 2014 | B142: 10.1016/j.lithos.2014.05.010 | C142: M390(p) | D142: 7.5 | E142: 900 | F142: Sediment–peridotite | G142: Peridotitic | H142: 41.848571 | I142: 0.23314286 | J142: 22.232857 | K142: 0.55271429 | L142: 10.642857 | M142: 0.14328571 | N142: 18.325714 | O142: 4.7471429 | P142: 0.28871429 | Q142: 0.097714286 | R142: =SUM(H142:Q142) -> 99.112714 | S142: 12 | T142: =S142/(H142*'Molecular Weight'!$C$2/'Molecular Weight'!$D$2+I142*'Molecular Weight'!$C$3/'Molecular Weight'!$D$3+J142*'Molecular Weight'!$C$4/'Molecular Weight'!$D$4+K142*'Molecular Weight'!$C$5/'Molecular Weight'!$D$5+L142*'Molecular Weight'!$C$6/'Molecular Weight'!$D$6+M142*'Molecular Weight'!$C$8/'Molecular Weight'!$D$8+N142*'Molecular Weight'!$C$9/'Molecular Weight'!$D$9+O142*'Molecular Weight'!$C$10/'Molecular Weight'!$D$10+P142*'Molecular Weight'!$C$11/'Molecular Weight'!$D$11+Q142*'Molecular Weight'!$C$12/'Molecular Weight'!$D$12) -> 4.3490106 | U142: =H142*T142*'Molecular Weight'!$B$2/'Molecular Weight'!$D$2 -> 3.0292923 | V142: =I142*T142*'Molecular Weight'!$B$3/'Molecular Weight'!$D$3 -> 0.012690122 | W142: =T142*J142*'Molecular Weight'!$B$4/'Molecular Weight'!$D$4 -> 1.8966444 | X142: =K142*T142*'Molecular Weight'!$B$5/'Molecular Weight'!$D$5 -> 0.031630506 | Y142: =L142*T142*'Molecular Weight'!$B$6/'Molecular Weight'!$D$6 -> 0.64429146 | Z142: =M142*T142*'Molecular Weight'!$B$8/'Molecular Weight'!$D$8 -> 0.0087841992 | AA142: =N142*T142*'Molecular Weight'!$B$9/'Molecular Weight'!$D$9 -> 1.9776359 | AB142: =O142*T142*'Molecular Weight'!$B$10/'Molecular Weight'!$D$10 -> 0.36814149 | AC142: =P142*T142*'Molecular Weight'!$B$11/'Molecular Weight'!$D$11 -> 0.040516989 | AD142: =Q142*T142*'Molecular Weight'!$B$12/'Molecular Weight'!$D$12 -> 0.0090225152 | AE142: =SUM(U142:AD142) -> 8.0186499 | AF142: =IF(IF(2*12*(1-8/AE142)<0,0,2*12*(1-8/AE142))<Y142,IF(2*12*(1-8/AE142)<0,0,2*12*(1-8/AE142)),Y142) -> 0.055819489 | AG142: =AF142/Y142 -> 0.086637015 | AH142: =Y142-AF142 -> 0.58847197 | AI142: =SUM(U142,V142) -> 3.0419824 | AJ142: =SUM(AA142,AB142,Z142,Y142) -> 2.998853
A143: Bualtov et al. 2014 | B143: 10.1016/j.lithos.2014.05.010 | C143: M390(t) | D143: 7.5 | E143: 900 | F143: Sediment–peridotite | G143: Peridotitic | H143: 41.573333 | I143: 0.21588889 | J143: 22.338889 | K143: 0.39388889 | L143: 12.292222 | M143: 0.13555556 | N143: 17.928889 | O143: 3.6877778 | P143: 0.29511111 | Q143: 0.021222222 | R143: =SUM(H143:Q143) -> 98.882778 | S143: 12 | T143: =S143/(H143*'Molecular Weight'!$C$2/'Molecular Weight'!$D$2+I143*'Molecular Weight'!$C$3/'Molecular Weight'!$D$3+J143*'Molecular Weight'!$C$4/'Molecular Weight'!$D$4+K143*'Molecular Weight'!$C$5/'Molecular Weight'!$D$5+L143*'Molecular Weight'!$C$6/'Molecular Weight'!$D$6+M143*'Molecular Weight'!$C$8/'Molecular Weight'!$D$8+N143*'Molecular Weight'!$C$9/'Molecular Weight'!$D$9+O143*'Molecular Weight'!$C$10/'Molecular Weight'!$D$10+P143*'Molecular Weight'!$C$11/'Molecular Weight'!$D$11+Q143*'Molecular Weight'!$C$12/'Molecular Weight'!$D$12) -> 4.3747037 | U143: =H143*T143*'Molecular Weight'!$B$2/'Molecular Weight'!$D$2 -> 3.0271474 | V143: =I143*T143*'Molecular Weight'!$B$3/'Molecular Weight'!$D$3 -> 0.011820399 | W143: =T143*J143*'Molecular Weight'!$B$4/'Molecular Weight'!$D$4 -> 1.9169482 | X143: =K143*T143*'Molecular Weight'!$B$5/'Molecular Weight'!$D$5 -> 0.022674481 | Y143: =L143*T143*'Molecular Weight'!$B$6/'Molecular Weight'!$D$6 -> 0.74853605 | Z143: =M143*T143*'Molecular Weight'!$B$8/'Molecular Weight'!$D$8 -> 0.0083593937 | AA143: =N143*T143*'Molecular Weight'!$B$9/'Molecular Weight'!$D$9 -> 1.9462426 | AB143: =O143*T143*'Molecular Weight'!$B$10/'Molecular Weight'!$D$10 -> 0.28767716 | AC143: =P143*T143*'Molecular Weight'!$B$11/'Molecular Weight'!$D$11 -> 0.041659363 | AD143: =Q143*T143*'Molecular Weight'!$B$12/'Molecular Weight'!$D$12 -> 0.0019711451 | AE143: =SUM(U143:AD143) -> 8.0130361 | AF143: =IF(IF(2*12*(1-8/AE143)<0,0,2*12*(1-8/AE143))<Y143,IF(2*12*(1-8/AE143)<0,0,2*12*(1-8/AE143)),Y143) -> 0.039044804 | AG143: =AF143/Y143 -> 0.052161554 | AH143: =Y143-AF143 -> 0.70949124 | AI143: =SUM(U143,V143) -> 3.0389678 | AJ143: =SUM(AA143,AB143,Z143,Y143) -> 2.9908152
A144: Bualtov et al. 2014 | B144: 10.1016/j.lithos.2014.05.010 | C144: M390(s) | D144: 7.5 | E144: 900 | F144: Sediment–peridotite | G144: Peridotitic | H144: 41.564286 | I144: 0.22628571 | J144: 22.585714 | K144: 0.018428571 | L144: 13.264286 | M144: 0.10642857 | N144: 17.087143 | O144: 3.6928571 | P144: 0.335 | Q144: 0.027 | R144: =SUM(H144:Q144) -> 98.907429 | S144: 12 | T144: =S144/(H144*'Molecular Weight'!$C$2/'Molecular Weight'!$D$2+I144*'Molecular Weight'!$C$3/'Molecular Weight'!$D$3+J144*'Molecular Weight'!$C$4/'Molecular Weight'!$D$4+K144*'Molecular Weight'!$C$5/'Molecular Weight'!$D$5+L144*'Molecular Weight'!$C$6/'Molecular Weight'!$D$6+M144*'Molecular Weight'!$C$8/'Molecular Weight'!$D$8+N144*'Molecular Weight'!$C$9/'Molecular Weight'!$D$9+O144*'Molecular Weight'!$C$10/'Molecular Weight'!$D$10+P144*'Molecular Weight'!$C$11/'Molecular Weight'!$D$11+Q144*'Molecular Weight'!$C$12/'Molecular Weight'!$D$12) -> 4.3861535 | U144: =H144*T144*'Molecular Weight'!$B$2/'Molecular Weight'!$D$2 -> 3.0344097 | V144: =I144*T144*'Molecular Weight'!$B$3/'Molecular Weight'!$D$3 -> 0.012422076 | W144: =T144*J144*'Molecular Weight'!$B$4/'Molecular Weight'!$D$4 -> 1.9432014 | X144: =K144*T144*'Molecular Weight'!$B$5/'Molecular Weight'!$D$5 -> 0.0010636297 | Y144: =L144*T144*'Molecular Weight'!$B$6/'Molecular Weight'!$D$6 -> 0.809844 | Z144: =M144*T144*'Molecular Weight'!$B$8/'Molecular Weight'!$D$8 -> 0.0065803785 | AA144: =N144*T144*'Molecular Weight'!$B$9/'Molecular Weight'!$D$9 -> 1.8597229 | AB144: =O144*T144*'Molecular Weight'!$B$10/'Molecular Weight'!$D$10 -> 0.28882736 | AC144: =P144*T144*'Molecular Weight'!$B$11/'Molecular Weight'!$D$11 -> 0.04741405 | AD144: =Q144*T144*'Molecular Weight'!$B$12/'Molecular Weight'!$D$12 -> 0.0025143555 | AE144: =SUM(U144:AD144) -> 8.0059999 | AF144: =IF(IF(2*12*(1-8/AE144)<0,0,2*12*(1-8/AE144))<Y144,IF(2*12*(1-8/AE144)<0,0,2*12*(1-8/AE144)),Y144) -> 0.017986111 | AG144: =AF144/Y144 -> 0.022209352 | AH144: =Y144-AF144 -> 0.79185789 | AI144: =SUM(U144,V144) -> 3.0468318 | AJ144: =SUM(AA144,AB144,Z144,Y144) -> 2.9649746
A145: Bualtov et al. 2014 | B145: 10.1016/j.lithos.2014.05.010 | C145: M387(p) | D145: 7.5 | E145: 1000 | F145: Sediment–peridotite | G145: Peridotitic | H145: 42.567059 | I145: 0.25605882 | J145: 22.007059 | K145: 0.83911765 | L145: 10.745882 | M145: 0.134 | N145: 19.604706 | O145: 3.1511765 | P145: 0.29929412 | Q145: 0.037352941 | R145: =SUM(H145:Q145) -> 99.641706 | S145: 12 | T145: =S145/(H145*'Molecular Weight'!$C$2/'Molecular Weight'!$D$2+I145*'Molecular Weight'!$C$3/'Molecular Weight'!$D$3+J145*'Molecular Weight'!$C$4/'Molecular Weight'!$D$4+K145*'Molecular Weight'!$C$5/'Molecular Weight'!$D$5+L145*'Molecular Weight'!$C$6/'Molecular Weight'!$D$6+M145*'Molecular Weight'!$C$8/'Molecular Weight'!$D$8+N145*'Molecular Weight'!$C$9/'Molecular Weight'!$D$9+O145*'Molecular Weight'!$C$10/'Molecular Weight'!$D$10+P145*'Molecular Weight'!$C$11/'Molecular Weight'!$D$11+Q145*'Molecular Weight'!$C$12/'Molecular Weight'!$D$12) -> 4.3059213 | U145: =H145*T145*'Molecular Weight'!$B$2/'Molecular Weight'!$D$2 -> 3.0507724 | V145: =I145*T145*'Molecular Weight'!$B$3/'Molecular Weight'!$D$3 -> 0.013799363 | W145: =T145*J145*'Molecular Weight'!$B$4/'Molecular Weight'!$D$4 -> 1.8587812 | X145: =K145*T145*'Molecular Weight'!$B$5/'Molecular Weight'!$D$5 -> 0.047544898 | Y145: =L145*T145*'Molecular Weight'!$B$6/'Molecular Weight'!$D$6 -> 0.64408301 | Z145: =M145*T145*'Molecular Weight'!$B$8/'Molecular Weight'!$D$8 -> 0.0081335418 | AA145: =N145*T145*'Molecular Weight'!$B$9/'Molecular Weight'!$D$9 -> 2.0946978 | AB145: =O145*T145*'Molecular Weight'!$B$10/'Molecular Weight'!$D$10 -> 0.24195289 | AC145: =P145*T145*'Molecular Weight'!$B$11/'Molecular Weight'!$D$11 -> 0.041585573 | AD145: =Q145*T145*'Molecular Weight'!$B$12/'Molecular Weight'!$D$12 -> 0.003414837 | AE145: =SUM(U145:AD145) -> 8.0047654 | AF145: =IF(IF(2*12*(1-8/AE145)<0,0,2*12*(1-8/AE145))<Y145,IF(2*12*(1-8/AE145)<0,0,2*12*(1-8/AE145)),Y145) -> 0.01428778 | AG145: =AF145/Y145 -> 0.022183134 | AH145: =Y145-AF145 -> 0.62979523 | AI145: =SUM(U145,V145) -> 3.0645717 | AJ145: =SUM(AA145,AB145,Z145,Y145) -> 2.9888672
A146: Bualtov et al. 2014 | B146: 10.1016/j.lithos.2014.05.010 | C146: M387(t) | D146: 7.5 | E146: 1000 | F146: Sediment–peridotite | G146: Peridotitic | H146: 42.394286 | I146: 0.21814286 | J146: 22.518571 | K146: 0.21957143 | L146: 11.115714 | M146: 0.13414286 | N146: 19.017143 | O146: 3.3471429 | P146: 0.28342857 | R146: =SUM(H146:Q146) -> 99.248143 | S146: 12 | T146: =S146/(H146*'Molecular Weight'!$C$2/'Molecular Weight'!$D$2+I146*'Molecular Weight'!$C$3/'Molecular Weight'!$D$3+J146*'Molecular Weight'!$C$4/'Molecular Weight'!$D$4+K146*'Molecular Weight'!$C$5/'Molecular Weight'!$D$5+L146*'Molecular Weight'!$C$6/'Molecular Weight'!$D$6+M146*'Molecular Weight'!$C$8/'Molecular Weight'!$D$8+N146*'Molecular Weight'!$C$9/'Molecular Weight'!$D$9+O146*'Molecular Weight'!$C$10/'Molecular Weight'!$D$10+P146*'Molecular Weight'!$C$11/'Molecular Weight'!$D$11+Q146*'Molecular Weight'!$C$12/'Molecular Weight'!$D$12) -> 4.3221541 | U146: =H146*T146*'Molecular Weight'!$B$2/'Molecular Weight'!$D$2 -> 3.0498441 | V146: =I146*T146*'Molecular Weight'!$B$3/'Molecular Weight'!$D$3 -> 0.011800338 | W146: =T146*J146*'Molecular Weight'!$B$4/'Molecular Weight'!$D$4 -> 1.9091553 | X146: =K146*T146*'Molecular Weight'!$B$5/'Molecular Weight'!$D$5 -> 0.012487947 | Y146: =L146*T146*'Molecular Weight'!$B$6/'Molecular Weight'!$D$6 -> 0.66876155 | Z146: =M146*T146*'Molecular Weight'!$B$8/'Molecular Weight'!$D$8 -> 0.008172908 | AA146: =N146*T146*'Molecular Weight'!$B$9/'Molecular Weight'!$D$9 -> 2.0395787 | AB146: =O146*T146*'Molecular Weight'!$B$10/'Molecular Weight'!$D$10 -> 0.25796839 | AC146: =P146*T146*'Molecular Weight'!$B$11/'Molecular Weight'!$D$11 -> 0.039529589 | AD146: =Q146*T146*'Molecular Weight'!$B$12/'Molecular Weight'!$D$12 -> 0 | AE146: =SUM(U146:AD146) -> 7.9972988 | AF146: =IF(IF(2*12*(1-8/AE146)<0,0,2*12*(1-8/AE146))<Y146,IF(2*12*(1-8/AE146)<0,0,2*12*(1-8/AE146)),Y146) -> 0 | AG146: =AF146/Y146 -> 0 | AH146: =Y146-AF146 -> 0.66876155 | AI146: =SUM(U146,V146) -> 3.0616444 | AJ146: =SUM(AA146,AB146,Z146,Y146) -> 2.9744815
A147: Bualtov et al. 2014 | B147: 10.1016/j.lithos.2014.05.010 | C147: M387(s) | D147: 7.5 | E147: 1000 | F147: Sediment–peridotite | G147: Peridotitic | H147: 42.163333 | I147: 0.2435 | J147: 22.56 | K147: 0.17633333 | L147: 10.848333 | M147: 0.16566667 | N147: 19.278333 | O147: 3.145 | P147: 0.30633333 | R147: =SUM(H147:Q147) -> 98.886833 | S147: 12 | T147: =S147/(H147*'Molecular Weight'!$C$2/'Molecular Weight'!$D$2+I147*'Molecular Weight'!$C$3/'Molecular Weight'!$D$3+J147*'Molecular Weight'!$C$4/'Molecular Weight'!$D$4+K147*'Molecular Weight'!$C$5/'Molecular Weight'!$D$5+L147*'Molecular Weight'!$C$6/'Molecular Weight'!$D$6+M147*'Molecular Weight'!$C$8/'Molecular Weight'!$D$8+N147*'Molecular Weight'!$C$9/'Molecular Weight'!$D$9+O147*'Molecular Weight'!$C$10/'Molecular Weight'!$D$10+P147*'Molecular Weight'!$C$11/'Molecular Weight'!$D$11+Q147*'Molecular Weight'!$C$12/'Molecular Weight'!$D$12) -> 4.3326397 | U147: =H147*T147*'Molecular Weight'!$B$2/'Molecular Weight'!$D$2 -> 3.0405881 | V147: =I147*T147*'Molecular Weight'!$B$3/'Molecular Weight'!$D$3 -> 0.013203977 | W147: =T147*J147*'Molecular Weight'!$B$4/'Molecular Weight'!$D$4 -> 1.9173078 | X147: =K147*T147*'Molecular Weight'!$B$5/'Molecular Weight'!$D$5 -> 0.010053146 | Y147: =L147*T147*'Molecular Weight'!$B$6/'Molecular Weight'!$D$6 -> 0.65425834 | Z147: =M147*T147*'Molecular Weight'!$B$8/'Molecular Weight'!$D$8 -> 0.010118043 | AA147: =N147*T147*'Molecular Weight'!$B$9/'Molecular Weight'!$D$9 -> 2.0726072 | AB147: =O147*T147*'Molecular Weight'!$B$10/'Molecular Weight'!$D$10 -> 0.24297703 | AC147: =P147*T147*'Molecular Weight'!$B$11/'Molecular Weight'!$D$11 -> 0.042827749 | AD147: =Q147*T147*'Molecular Weight'!$B$12/'Molecular Weight'!$D$12 -> 0 | AE147: =SUM(U147:AD147) -> 8.0039414 | AF147: =IF(IF(2*12*(1-8/AE147)<0,0,2*12*(1-8/AE147))<Y147,IF(2*12*(1-8/AE147)<0,0,2*12*(1-8/AE147)),Y147) -> 0.011818294 | AG147: =AF147/Y147 -> 0.018063651 | AH147: =Y147-AF147 -> 0.64244005 | AI147: =SUM(U147,V147) -> 3.053792 | AJ147: =SUM(AA147,AB147,Z147,Y147) -> 2.9799607
A148: Bualtov et al. 2014 | B148: 10.1016/j.lithos.2014.05.010 | C148: M377(p) | D148: 7.5 | E148: 1100 | F148: Sediment–peridotite | G148: Peridotitic | H148: 42.6025 | I148: 0.165 | J148: 22.445 | K148: 1.1085 | L148: 9.1708333 | M148: 0.14075 | N148: 21.906667 | O148: 2.6066667 | P148: 0.22775 | R148: =SUM(H148:Q148) -> 100.37367 | S148: 12 | T148: =S148/(H148*'Molecular Weight'!$C$2/'Molecular Weight'!$D$2+I148*'Molecular Weight'!$C$3/'Molecular Weight'!$D$3+J148*'Molecular Weight'!$C$4/'Molecular Weight'!$D$4+K148*'Molecular Weight'!$C$5/'Molecular Weight'!$D$5+L148*'Molecular Weight'!$C$6/'Molecular Weight'!$D$6+M148*'Molecular Weight'!$C$8/'Molecular Weight'!$D$8+N148*'Molecular Weight'!$C$9/'Molecular Weight'!$D$9+O148*'Molecular Weight'!$C$10/'Molecular Weight'!$D$10+P148*'Molecular Weight'!$C$11/'Molecular Weight'!$D$11+Q148*'Molecular Weight'!$C$12/'Molecular Weight'!$D$12) -> 4.24329 | U148: =H148*T148*'Molecular Weight'!$B$2/'Molecular Weight'!$D$2 -> 3.0089008 | V148: =I148*T148*'Molecular Weight'!$B$3/'Molecular Weight'!$D$3 -> 0.0087627391 | W148: =T148*J148*'Molecular Weight'!$B$4/'Molecular Weight'!$D$4 -> 1.8681962 | X148: =K148*T148*'Molecular Weight'!$B$5/'Molecular Weight'!$D$5 -> 0.06189469 | Y148: =L148*T148*'Molecular Weight'!$B$6/'Molecular Weight'!$D$6 -> 0.54168298 | Z148: =M148*T148*'Molecular Weight'!$B$8/'Molecular Weight'!$D$8 -> 0.0084189888 | AA148: =N148*T148*'Molecular Weight'!$B$9/'Molecular Weight'!$D$9 -> 2.3066089 | AB148: =O148*T148*'Molecular Weight'!$B$10/'Molecular Weight'!$D$10 -> 0.19723328 | AC148: =P148*T148*'Molecular Weight'!$B$11/'Molecular Weight'!$D$11 -> 0.031184553 | AD148: =Q148*T148*'Molecular Weight'!$B$12/'Molecular Weight'!$D$12 -> 0 | AE148: =SUM(U148:AD148) -> 8.0328832 | AF148: =IF(IF(2*12*(1-8/AE148)<0,0,2*12*(1-8/AE148))<Y148,IF(2*12*(1-8/AE148)<0,0,2*12*(1-8/AE148)),Y148) -> 0.098245879 | AG148: =AF148/Y148 -> 0.18137154 | AH148: =Y148-AF148 -> 0.4434371 | AI148: =SUM(U148,V148) -> 3.0176636 | AJ148: =SUM(AA148,AB148,Z148,Y148) -> 3.0539442
A149: Bualtov et al. 2014 | B149: 10.1016/j.lithos.2014.05.010 | C149: M377(t) | D149: 7.5 | E149: 1100 | F149: Sediment–peridotite | G149: Peridotitic | H149: 42.542 | I149: 0.2332 | J149: 23.035 | K149: 0.247 | L149: 9.347 | M149: 0.1342 | N149: 21.102 | O149: 3.413 | P149: 0.281 | R149: =SUM(H149:Q149) -> 100.3344 | S149: 12 | T149: =S149/(H149*'Molecular Weight'!$C$2/'Molecular Weight'!$D$2+I149*'Molecular Weight'!$C$3/'Molecular Weight'!$D$3+J149*'Molecular Weight'!$C$4/'Molecular Weight'!$D$4+K149*'Molecular Weight'!$C$5/'Molecular Weight'!$D$5+L149*'Molecular Weight'!$C$6/'Molecular Weight'!$D$6+M149*'Molecular Weight'!$C$8/'Molecular Weight'!$D$8+N149*'Molecular Weight'!$C$9/'Molecular Weight'!$D$9+O149*'Molecular Weight'!$C$10/'Molecular Weight'!$D$10+P149*'Molecular Weight'!$C$11/'Molecular Weight'!$D$11+Q149*'Molecular Weight'!$C$12/'Molecular Weight'!$D$12) -> 4.2467756 | U149: =H149*T149*'Molecular Weight'!$B$2/'Molecular Weight'!$D$2 -> 3.007096 | V149: =I149*T149*'Molecular Weight'!$B$3/'Molecular Weight'!$D$3 -> 0.012394844 | W149: =T149*J149*'Molecular Weight'!$B$4/'Molecular Weight'!$D$4 -> 1.9188795 | X149: =K149*T149*'Molecular Weight'!$B$5/'Molecular Weight'!$D$5 -> 0.013802929 | Y149: =L149*T149*'Molecular Weight'!$B$6/'Molecular Weight'!$D$6 -> 0.55254192 | Z149: =M149*T149*'Molecular Weight'!$B$8/'Molecular Weight'!$D$8 -> 0.0080337932 | AA149: =N149*T149*'Molecular Weight'!$B$9/'Molecular Weight'!$D$9 -> 2.2237087 | AB149: =O149*T149*'Molecular Weight'!$B$10/'Molecular Weight'!$D$10 -> 0.25845658 | AC149: =P149*T149*'Molecular Weight'!$B$11/'Molecular Weight'!$D$11 -> 0.038507388 | AD149: =Q149*T149*'Molecular Weight'!$B$12/'Molecular Weight'!$D$12 -> 0 | AE149: =SUM(U149:AD149) -> 8.0334216 | AF149: =IF(IF(2*12*(1-8/AE149)<0,0,2*12*(1-8/AE149))<Y149,IF(2*12*(1-8/AE149)<0,0,2*12*(1-8/AE149)),Y149) -> 0.099847747 | AG149: =AF149/Y149 -> 0.18070619 | AH149: =Y149-AF149 -> 0.45269418 | AI149: =SUM(U149,V149) -> 3.0194909 | AJ149: =SUM(AA149,AB149,Z149,Y149) -> 3.042741
A150: Bualtov et al. 2014 | B150: 10.1016/j.lithos.2014.05.010 | C150: M377(s) | D150: 7.5 | E150: 1100 | F150: Sediment–peridotite | G150: Peridotitic | H150: 42.72 | I150: 0.2445 | J150: 22.76 | K150: 0.42966667 | L150: 9.6133333 | M150: 0.148 | N150: 21.623333 | O150: 2.58 | P150: 0.26 | R150: =SUM(H150:Q150) -> 100.37883 | S150: 12 | T150: =S150/(H150*'Molecular Weight'!$C$2/'Molecular Weight'!$D$2+I150*'Molecular Weight'!$C$3/'Molecular Weight'!$D$3+J150*'Molecular Weight'!$C$4/'Molecular Weight'!$D$4+K150*'Molecular Weight'!$C$5/'Molecular Weight'!$D$5+L150*'Molecular Weight'!$C$6/'Molecular Weight'!$D$6+M150*'Molecular Weight'!$C$8/'Molecular Weight'!$D$8+N150*'Molecular Weight'!$C$9/'Molecular Weight'!$D$9+O150*'Molecular Weight'!$C$10/'Molecular Weight'!$D$10+P150*'Molecular Weight'!$C$11/'Molecular Weight'!$D$11+Q150*'Molecular Weight'!$C$12/'Molecular Weight'!$D$12) -> 4.2417199 | U150: =H150*T150*'Molecular Weight'!$B$2/'Molecular Weight'!$D$2 -> 3.0160831 | V150: =I150*T150*'Molecular Weight'!$B$3/'Molecular Weight'!$D$3 -> 0.012979981 | W150: =T150*J150*'Molecular Weight'!$B$4/'Molecular Weight'!$D$4 -> 1.8937141 | X150: =K150*T150*'Molecular Weight'!$B$5/'Molecular Weight'!$D$5 -> 0.023982178 | Y150: =L150*T150*'Molecular Weight'!$B$6/'Molecular Weight'!$D$6 -> 0.56760951 | Z150: =M150*T150*'Molecular Weight'!$B$8/'Molecular Weight'!$D$8 -> 0.0088493733 | AA150: =N150*T150*'Molecular Weight'!$B$9/'Molecular Weight'!$D$9 -> 2.2759336 | AB150: =O150*T150*'Molecular Weight'!$B$10/'Molecular Weight'!$D$10 -> 0.19514332 | AC150: =P150*T150*'Molecular Weight'!$B$11/'Molecular Weight'!$D$11 -> 0.035587195 | AD150: =Q150*T150*'Molecular Weight'!$B$12/'Molecular Weight'!$D$12 -> 0 | AE150: =SUM(U150:AD150) -> 8.0298824 | AF150: =IF(IF(2*12*(1-8/AE150)<0,0,2*12*(1-8/AE150))<Y150,IF(2*12*(1-8/AE150)<0,0,2*12*(1-8/AE150)),Y150) -> 0.089313457 | AG150: =AF150/Y150 -> 0.15735018 | AH150: =Y150-AF150 -> 0.47829605 | AI150: =SUM(U150,V150) -> 3.0290631 | AJ150: =SUM(AA150,AB150,Z150,Y150) -> 3.0475358
A151: Bualtov et al. 2014 | B151: 10.1016/j.lithos.2014.05.010 | C151: M406(p) | D151: 7.5 | E151: 1150 | F151: Sediment–peridotite | G151: Peridotitic | H151: 43.255 | I151: 0.27654545 | J151: 21.611364 | K151: 1.0011818 | L151: 8.9477273 | M151: 0.11404545 | N151: 21.912727 | O151: 2.5154545 | P151: 0.34268182 | Q151: 0.019136364 | R151: =SUM(H151:Q151) -> 99.995864 | S151: 12 | T151: =S151/(H151*'Molecular Weight'!$C$2/'Molecular Weight'!$D$2+I151*'Molecular Weight'!$C$3/'Molecular Weight'!$D$3+J151*'Molecular Weight'!$C$4/'Molecular Weight'!$D$4+K151*'Molecular Weight'!$C$5/'Molecular Weight'!$D$5+L151*'Molecular Weight'!$C$6/'Molecular Weight'!$D$6+M151*'Molecular Weight'!$C$8/'Molecular Weight'!$D$8+N151*'Molecular Weight'!$C$9/'Molecular Weight'!$D$9+O151*'Molecular Weight'!$C$10/'Molecular Weight'!$D$10+P151*'Molecular Weight'!$C$11/'Molecular Weight'!$D$11+Q151*'Molecular Weight'!$C$12/'Molecular Weight'!$D$12) -> 4.2508569 | U151: =H151*T151*'Molecular Weight'!$B$2/'Molecular Weight'!$D$2 -> 3.060433 | V151: =I151*T151*'Molecular Weight'!$B$3/'Molecular Weight'!$D$3 -> 0.01471283 | W151: =T151*J151*'Molecular Weight'!$B$4/'Molecular Weight'!$D$4 -> 1.8020167 | X151: =K151*T151*'Molecular Weight'!$B$5/'Molecular Weight'!$D$5 -> 0.056002113 | Y151: =L151*T151*'Molecular Weight'!$B$6/'Molecular Weight'!$D$6 -> 0.52944749 | Z151: =M151*T151*'Molecular Weight'!$B$8/'Molecular Weight'!$D$8 -> 0.006833816 | AA151: =N151*T151*'Molecular Weight'!$B$9/'Molecular Weight'!$D$9 -> 2.3113615 | AB151: =O151*T151*'Molecular Weight'!$B$10/'Molecular Weight'!$D$10 -> 0.19067113 | AC151: =P151*T151*'Molecular Weight'!$B$11/'Molecular Weight'!$D$11 -> 0.047005207 | AD151: =Q151*T151*'Molecular Weight'!$B$12/'Molecular Weight'!$D$12 -> 0.0017270901 | AE151: =SUM(U151:AD151) -> 8.0202109 | AF151: =IF(IF(2*12*(1-8/AE151)<0,0,2*12*(1-8/AE151))<Y151,IF(2*12*(1-8/AE151)<0,0,2*12*(1-8/AE151)),Y151) -> 0.060479897 | AG151: =AF151/Y151 -> 0.1142321 | AH151: =Y151-AF151 -> 0.4689676 | AI151: =SUM(U151,V151) -> 3.0751458 | AJ151: =SUM(AA151,AB151,Z151,Y151) -> 3.0383139
A152: Bualtov et al. 2014 | B152: 10.1016/j.lithos.2014.05.010 | C152: M391(p) | D152: 7.5 | E152: 1200 | F152: Sediment–peridotite | G152: Peridotitic | H152: 43.105455 | I152: 0.13745455 | J152: 22.042727 | K152: 0.78136364 | L152: 8.4836364 | M152: 0.10427273 | N152: 22.010909 | O152: 2.38 | P152: 0.26445455 | Q152: 0.017909091 | R152: =SUM(H152:Q152) -> 99.328182 | S152: 12 | T152: =S152/(H152*'Molecular Weight'!$C$2/'Molecular Weight'!$D$2+I152*'Molecular Weight'!$C$3/'Molecular Weight'!$D$3+J152*'Molecular Weight'!$C$4/'Molecular Weight'!$D$4+K152*'Molecular Weight'!$C$5/'Molecular Weight'!$D$5+L152*'Molecular Weight'!$C$6/'Molecular Weight'!$D$6+M152*'Molecular Weight'!$C$8/'Molecular Weight'!$D$8+N152*'Molecular Weight'!$C$9/'Molecular Weight'!$D$9+O152*'Molecular Weight'!$C$10/'Molecular Weight'!$D$10+P152*'Molecular Weight'!$C$11/'Molecular Weight'!$D$11+Q152*'Molecular Weight'!$C$12/'Molecular Weight'!$D$12) -> 4.2628749 | U152: =H152*T152*'Molecular Weight'!$B$2/'Molecular Weight'!$D$2 -> 3.0584747 | V152: =I152*T152*'Molecular Weight'!$B$3/'Molecular Weight'!$D$3 -> 0.0073335611 | W152: =T152*J152*'Molecular Weight'!$B$4/'Molecular Weight'!$D$4 -> 1.8431814 | X152: =K152*T152*'Molecular Weight'!$B$5/'Molecular Weight'!$D$5 -> 0.043829929 | Y152: =L152*T152*'Molecular Weight'!$B$6/'Molecular Weight'!$D$6 -> 0.50340591 | Z152: =M152*T152*'Molecular Weight'!$B$8/'Molecular Weight'!$D$8 -> 0.0062658809 | AA152: =N152*T152*'Molecular Weight'!$B$9/'Molecular Weight'!$D$9 -> 2.3282817 | AB152: =O152*T152*'Molecular Weight'!$B$10/'Molecular Weight'!$D$10 -> 0.18091374 | AC152: =P152*T152*'Molecular Weight'!$B$11/'Molecular Weight'!$D$11 -> 0.036377433 | AD152: =Q152*T152*'Molecular Weight'!$B$12/'Molecular Weight'!$D$12 -> 0.0016208963 | AE152: =SUM(U152:AD152) -> 8.0096852 | AF152: =IF(IF(2*12*(1-8/AE152)<0,0,2*12*(1-8/AE152))<Y152,IF(2*12*(1-8/AE152)<0,0,2*12*(1-8/AE152)),Y152) -> 0.029020469 | AG152: =AF152/Y152 -> 0.057648248 | AH152: =Y152-AF152 -> 0.47438544 | AI152: =SUM(U152,V152) -> 3.0658083 | AJ152: =SUM(AA152,AB152,Z152,Y152) -> 3.0188672
A153: Bualtov et al. 2014 | B153: 10.1016/j.lithos.2014.05.010 | C153: M425(p) | D153: 9.5 | E153: 1000 | F153: Sediment–peridotite | G153: Peridotitic | H153: 42.11 | I153: 0.07675 | J153: 18.315 | K153: 6.7825 | L153: 6.13 | M153: 0.30475 | N153: 21.505 | O153: 4.7375 | P153: 0.01725 | R153: =SUM(H153:Q153) -> 99.97875 | S153: 12 | T153: =S153/(H153*'Molecular Weight'!$C$2/'Molecular Weight'!$D$2+I153*'Molecular Weight'!$C$3/'Molecular Weight'!$D$3+J153*'Molecular Weight'!$C$4/'Molecular Weight'!$D$4+K153*'Molecular Weight'!$C$5/'Molecular Weight'!$D$5+L153*'Molecular Weight'!$C$6/'Molecular Weight'!$D$6+M153*'Molecular Weight'!$C$8/'Molecular Weight'!$D$8+N153*'Molecular Weight'!$C$9/'Molecular Weight'!$D$9+O153*'Molecular Weight'!$C$10/'Molecular Weight'!$D$10+P153*'Molecular Weight'!$C$11/'Molecular Weight'!$D$11+Q153*'Molecular Weight'!$C$12/'Molecular Weight'!$D$12) -> 4.3095963 | U153: =H153*T153*'Molecular Weight'!$B$2/'Molecular Weight'!$D$2 -> 3.0205909 | V153: =I153*T153*'Molecular Weight'!$B$3/'Molecular Weight'!$D$3 -> 0.0041396935 | W153: =T153*J153*'Molecular Weight'!$B$4/'Molecular Weight'!$D$4 -> 1.5482592 | X153: =K153*T153*'Molecular Weight'!$B$5/'Molecular Weight'!$D$5 -> 0.38462842 | Y153: =L153*T153*'Molecular Weight'!$B$6/'Molecular Weight'!$D$6 -> 0.36773142 | Z153: =M153*T153*'Molecular Weight'!$B$8/'Molecular Weight'!$D$8 -> 0.018513525 | AA153: =N153*T153*'Molecular Weight'!$B$9/'Molecular Weight'!$D$9 -> 2.299699 | AB153: =O153*T153*'Molecular Weight'!$B$10/'Molecular Weight'!$D$10 -> 0.36406406 | AC153: =P153*T153*'Molecular Weight'!$B$11/'Molecular Weight'!$D$11 -> 0.0023988556 | AD153: =Q153*T153*'Molecular Weight'!$B$12/'Molecular Weight'!$D$12 -> 0 | AE153: =SUM(U153:AD153) -> 8.010025 | AF153: =IF(IF(2*12*(1-8/AE153)<0,0,2*12*(1-8/AE153))<Y153,IF(2*12*(1-8/AE153)<0,0,2*12*(1-8/AE153)),Y153) -> 0.03003747 | AG153: =AF153/Y153 -> 0.081683174 | AH153: =Y153-AF153 -> 0.33769395 | AI153: =SUM(U153,V153) -> 3.0247306 | AJ153: =SUM(AA153,AB153,Z153,Y153) -> 3.050008
A154: Bualtov et al. 2014 | B154: 10.1016/j.lithos.2014.05.010 | C154: M425(p) | D154: 9.5 | E154: 1000 | F154: Sediment–peridotite | G154: Peridotitic | H154: 42.734 | I154: 0.2148 | J154: 20.144 | K154: 2.362 | L154: 10.806 | M154: 0.2408 | N154: 19.856 | O154: 2.958 | P154: 0.3584 | R154: =SUM(H154:Q154) -> 99.674 | S154: 12 | T154: =S154/(H154*'Molecular Weight'!$C$2/'Molecular Weight'!$D$2+I154*'Molecular Weight'!$C$3/'Molecular Weight'!$D$3+J154*'Molecular Weight'!$C$4/'Molecular Weight'!$D$4+K154*'Molecular Weight'!$C$5/'Molecular Weight'!$D$5+L154*'Molecular Weight'!$C$6/'Molecular Weight'!$D$6+M154*'Molecular Weight'!$C$8/'Molecular Weight'!$D$8+N154*'Molecular Weight'!$C$9/'Molecular Weight'!$D$9+O154*'Molecular Weight'!$C$10/'Molecular Weight'!$D$10+P154*'Molecular Weight'!$C$11/'Molecular Weight'!$D$11+Q154*'Molecular Weight'!$C$12/'Molecular Weight'!$D$12) -> 4.3285102 | U154: =H154*T154*'Molecular Weight'!$B$2/'Molecular Weight'!$D$2 -> 3.0788042 | V154: =I154*T154*'Molecular Weight'!$B$3/'Molecular Weight'!$D$3 -> 0.011636596 | W154: =T154*J154*'Molecular Weight'!$B$4/'Molecular Weight'!$D$4 -> 1.7103474 | X154: =K154*T154*'Molecular Weight'!$B$5/'Molecular Weight'!$D$5 -> 0.13453439 | Y154: =L154*T154*'Molecular Weight'!$B$6/'Molecular Weight'!$D$6 -> 0.65108409 | Z154: =M154*T154*'Molecular Weight'!$B$8/'Molecular Weight'!$D$8 -> 0.014692772 | AA154: =N154*T154*'Molecular Weight'!$B$9/'Molecular Weight'!$D$9 -> 2.1326774 | AB154: =O154*T154*'Molecular Weight'!$B$10/'Molecular Weight'!$D$10 -> 0.22831193 | AC154: =P154*T154*'Molecular Weight'!$B$11/'Molecular Weight'!$D$11 -> 0.050059311 | AD154: =Q154*T154*'Molecular Weight'!$B$12/'Molecular Weight'!$D$12 -> 0 | AE154: =SUM(U154:AD154) -> 8.012148 | AF154: =IF(IF(2*12*(1-8/AE154)<0,0,2*12*(1-8/AE154))<Y154,IF(2*12*(1-8/AE154)<0,0,2*12*(1-8/AE154)),Y154) -> 0.036388775 | AG154: =AF154/Y154 -> 0.055889516 | AH154: =Y154-AF154 -> 0.61469532 | AI154: =SUM(U154,V154) -> 3.0904408 | AJ154: =SUM(AA154,AB154,Z154,Y154) -> 3.0267662
A155: Bualtov et al. 2014 | B155: 10.1016/j.lithos.2014.05.010 | C155: M425(t) | D155: 9.5 | E155: 1000 | F155: Sediment–peridotite | G155: Peridotitic | H155: 42.265 | I155: 0.30983333 | J155: 21.423333 | K155: 0.24416667 | L155: 12.068333 | M155: 0.16233333 | N155: 18.086667 | O155: 3.9216667 | P155: 0.48566667 | R155: =SUM(H155:Q155) -> 98.967 | S155: 12 | T155: =S155/(H155*'Molecular Weight'!$C$2/'Molecular Weight'!$D$2+I155*'Molecular Weight'!$C$3/'Molecular Weight'!$D$3+J155*'Molecular Weight'!$C$4/'Molecular Weight'!$D$4+K155*'Molecular Weight'!$C$5/'Molecular Weight'!$D$5+L155*'Molecular Weight'!$C$6/'Molecular Weight'!$D$6+M155*'Molecular Weight'!$C$8/'Molecular Weight'!$D$8+N155*'Molecular Weight'!$C$9/'Molecular Weight'!$D$9+O155*'Molecular Weight'!$C$10/'Molecular Weight'!$D$10+P155*'Molecular Weight'!$C$11/'Molecular Weight'!$D$11+Q155*'Molecular Weight'!$C$12/'Molecular Weight'!$D$12) -> 4.3688451 | U155: =H155*T155*'Molecular Weight'!$B$2/'Molecular Weight'!$D$2 -> 3.0733895 | V155: =I155*T155*'Molecular Weight'!$B$3/'Molecular Weight'!$D$3 -> 0.01694135 | W155: =T155*J155*'Molecular Weight'!$B$4/'Molecular Weight'!$D$4 -> 1.8359205 | X155: =K155*T155*'Molecular Weight'!$B$5/'Molecular Weight'!$D$5 -> 0.014036797 | Y155: =L155*T155*'Molecular Weight'!$B$6/'Molecular Weight'!$D$6 -> 0.73391814 | Z155: =M155*T155*'Molecular Weight'!$B$8/'Molecular Weight'!$D$8 -> 0.0099973103 | AA155: =N155*T155*'Molecular Weight'!$B$9/'Molecular Weight'!$D$9 -> 1.9607406 | AB155: =O155*T155*'Molecular Weight'!$B$10/'Molecular Weight'!$D$10 -> 0.30551274 | AC155: =P155*T155*'Molecular Weight'!$B$11/'Molecular Weight'!$D$11 -> 0.068467327 | AD155: =Q155*T155*'Molecular Weight'!$B$12/'Molecular Weight'!$D$12 -> 0 | AE155: =SUM(U155:AD155) -> 8.0189242 | AF155: =IF(IF(2*12*(1-8/AE155)<0,0,2*12*(1-8/AE155))<Y155,IF(2*12*(1-8/AE155)<0,0,2*12*(1-8/AE155)),Y155) -> 0.056638627 | AG155: =AF155/Y155 -> 0.077172949 | AH155: =Y155-AF155 -> 0.67727952 | AI155: =SUM(U155,V155) -> 3.0903308 | AJ155: =SUM(AA155,AB155,Z155,Y155) -> 3.0101688
A156: Bualtov et al. 2014 | B156: 10.1016/j.lithos.2014.05.010 | C156: M425(s) | D156: 9.5 | E156: 1000 | F156: Sediment–peridotite | G156: Peridotitic | H156: 41.48 | I156: 0.391 | J156: 21.45 | K156: 0.046 | L156: 13.71 | M156: 0.129 | N156: 15.46 | O156: 5.44 | P156: 0.502 | Q156: 0.016 | R156: =SUM(H156:Q156) -> 98.624 | S156: 12 | T156: =S156/(H156*'Molecular Weight'!$C$2/'Molecular Weight'!$D$2+I156*'Molecular Weight'!$C$3/'Molecular Weight'!$D$3+J156*'Molecular Weight'!$C$4/'Molecular Weight'!$D$4+K156*'Molecular Weight'!$C$5/'Molecular Weight'!$D$5+L156*'Molecular Weight'!$C$6/'Molecular Weight'!$D$6+M156*'Molecular Weight'!$C$8/'Molecular Weight'!$D$8+N156*'Molecular Weight'!$C$9/'Molecular Weight'!$D$9+O156*'Molecular Weight'!$C$10/'Molecular Weight'!$D$10+P156*'Molecular Weight'!$C$11/'Molecular Weight'!$D$11+Q156*'Molecular Weight'!$C$12/'Molecular Weight'!$D$12) -> 4.4375315 | U156: =H156*T156*'Molecular Weight'!$B$2/'Molecular Weight'!$D$2 -> 3.0637285 | V156: =I156*T156*'Molecular Weight'!$B$3/'Molecular Weight'!$D$3 -> 0.02171558 | W156: =T156*J156*'Molecular Weight'!$B$4/'Molecular Weight'!$D$4 -> 1.8671057 | X156: =K156*T156*'Molecular Weight'!$B$5/'Molecular Weight'!$D$5 -> 0.002686051 | Y156: =L156*T156*'Molecular Weight'!$B$6/'Molecular Weight'!$D$6 -> 0.84686187 | Z156: =M156*T156*'Molecular Weight'!$B$8/'Molecular Weight'!$D$8 -> 0.0080693764 | AA156: =N156*T156*'Molecular Weight'!$B$9/'Molecular Weight'!$D$9 -> 1.7023384 | AB156: =O156*T156*'Molecular Weight'!$B$10/'Molecular Weight'!$D$10 -> 0.43045955 | AC156: =P156*T156*'Molecular Weight'!$B$11/'Molecular Weight'!$D$11 -> 0.071882569 | AD156: =Q156*T156*'Molecular Weight'!$B$12/'Molecular Weight'!$D$12 -> 0.0015074417 | AE156: =SUM(U156:AD156) -> 8.0163551 | AF156: =IF(IF(2*12*(1-8/AE156)<0,0,2*12*(1-8/AE156))<Y156,IF(2*12*(1-8/AE156)<0,0,2*12*(1-8/AE156)),Y156) -> 0.048965048 | AG156: =AF156/Y156 -> 0.057819403 | AH156: =Y156-AF156 -> 0.79789683 | AI156: =SUM(U156,V156) -> 3.0854441 | AJ156: =SUM(AA156,AB156,Z156,Y156) -> 2.9877292
A157: Bualtov et al. 2014 | B157: 10.1016/j.lithos.2014.05.010 | C157: M418(p) | D157: 9.5 | E157: 1100 | F157: Sediment–peridotite | G157: Peridotitic | H157: 42.933333 | I157: 0.27944444 | J157: 21.063333 | K157: 0.81711111 | L157: 9.3377778 | M157: 0.14822222 | N157: 20.285556 | O157: 3.6955556 | P157: 0.46711111 | R157: =SUM(H157:Q157) -> 99.027444 | S157: 12 | T157: =S157/(H157*'Molecular Weight'!$C$2/'Molecular Weight'!$D$2+I157*'Molecular Weight'!$C$3/'Molecular Weight'!$D$3+J157*'Molecular Weight'!$C$4/'Molecular Weight'!$D$4+K157*'Molecular Weight'!$C$5/'Molecular Weight'!$D$5+L157*'Molecular Weight'!$C$6/'Molecular Weight'!$D$6+M157*'Molecular Weight'!$C$8/'Molecular Weight'!$D$8+N157*'Molecular Weight'!$C$9/'Molecular Weight'!$D$9+O157*'Molecular Weight'!$C$10/'Molecular Weight'!$D$10+P157*'Molecular Weight'!$C$11/'Molecular Weight'!$D$11+Q157*'Molecular Weight'!$C$12/'Molecular Weight'!$D$12) -> 4.3150735 | U157: =H157*T157*'Molecular Weight'!$B$2/'Molecular Weight'!$D$2 -> 3.0835634 | V157: =I157*T157*'Molecular Weight'!$B$3/'Molecular Weight'!$D$3 -> 0.015091656 | W157: =T157*J157*'Molecular Weight'!$B$4/'Molecular Weight'!$D$4 -> 1.7828527 | X157: =K157*T157*'Molecular Weight'!$B$5/'Molecular Weight'!$D$5 -> 0.046396402 | Y157: =L157*T157*'Molecular Weight'!$B$6/'Molecular Weight'!$D$6 -> 0.56087413 | Z157: =M157*T157*'Molecular Weight'!$B$8/'Molecular Weight'!$D$8 -> 0.009015926 | AA157: =N157*T157*'Molecular Weight'!$B$9/'Molecular Weight'!$D$9 -> 2.1720512 | AB157: =O157*T157*'Molecular Weight'!$B$10/'Molecular Weight'!$D$10 -> 0.28435439 | AC157: =P157*T157*'Molecular Weight'!$B$11/'Molecular Weight'!$D$11 -> 0.065040942 | AD157: =Q157*T157*'Molecular Weight'!$B$12/'Molecular Weight'!$D$12 -> 0 | AE157: =SUM(U157:AD157) -> 8.0192408 | AF157: =IF(IF(2*12*(1-8/AE157)<0,0,2*12*(1-8/AE157))<Y157,IF(2*12*(1-8/AE157)<0,0,2*12*(1-8/AE157)),Y157) -> 0.05758397 | AG157: =AF157/Y157 -> 0.10266826 | AH157: =Y157-AF157 -> 0.50329016 | AI157: =SUM(U157,V157) -> 3.0986551 | AJ157: =SUM(AA157,AB157,Z157,Y157) -> 3.0262957
A158: Bualtov et al. 2014 | B158: 10.1016/j.lithos.2014.05.010 | C158: M418(t) | D158: 9.5 | E158: 1100 | F158: Sediment–peridotite | G158: Peridotitic | H158: 42.47 | I158: 0.3234 | J158: 21.542 | K158: 0.3064 | L158: 10.22 | M158: 0.1482 | N158: 19.274 | O158: 4.066 | P158: 0.477 | R158: =SUM(H158:Q158) -> 98.827 | S158: 12 | T158: =S158/(H158*'Molecular Weight'!$C$2/'Molecular Weight'!$D$2+I158*'Molecular Weight'!$C$3/'Molecular Weight'!$D$3+J158*'Molecular Weight'!$C$4/'Molecular Weight'!$D$4+K158*'Molecular Weight'!$C$5/'Molecular Weight'!$D$5+L158*'Molecular Weight'!$C$6/'Molecular Weight'!$D$6+M158*'Molecular Weight'!$C$8/'Molecular Weight'!$D$8+N158*'Molecular Weight'!$C$9/'Molecular Weight'!$D$9+O158*'Molecular Weight'!$C$10/'Molecular Weight'!$D$10+P158*'Molecular Weight'!$C$11/'Molecular Weight'!$D$11+Q158*'Molecular Weight'!$C$12/'Molecular Weight'!$D$12) -> 4.3406332 | U158: =H158*T158*'Molecular Weight'!$B$2/'Molecular Weight'!$D$2 -> 3.0683537 | V158: =I158*T158*'Molecular Weight'!$B$3/'Molecular Weight'!$D$3 -> 0.017568971 | W158: =T158*J158*'Molecular Weight'!$B$4/'Molecular Weight'!$D$4 -> 1.8341687 | X158: =K158*T158*'Molecular Weight'!$B$5/'Molecular Weight'!$D$5 -> 0.017500757 | Y158: =L158*T158*'Molecular Weight'!$B$6/'Molecular Weight'!$D$6 -> 0.61750099 | Z158: =M158*T158*'Molecular Weight'!$B$8/'Molecular Weight'!$D$8 -> 0.0090679707 | AA158: =N158*T158*'Molecular Weight'!$B$9/'Molecular Weight'!$D$9 -> 2.0759644 | AB158: =O158*T158*'Molecular Weight'!$B$10/'Molecular Weight'!$D$10 -> 0.31471139 | AC158: =P158*T158*'Molecular Weight'!$B$11/'Molecular Weight'!$D$11 -> 0.066811295 | AD158: =Q158*T158*'Molecular Weight'!$B$12/'Molecular Weight'!$D$12 -> 0 | AE158: =SUM(U158:AD158) -> 8.0216482 | AF158: =IF(IF(2*12*(1-8/AE158)<0,0,2*12*(1-8/AE158))<Y158,IF(2*12*(1-8/AE158)<0,0,2*12*(1-8/AE158)),Y158) -> 0.064769349 | AG158: =AF158/Y158 -> 0.10488946 | AH158: =Y158-AF158 -> 0.55273165 | AI158: =SUM(U158,V158) -> 3.0859227 | AJ158: =SUM(AA158,AB158,Z158,Y158) -> 3.0172447
A159: Bualtov et al. 2014 | B159: 10.1016/j.lithos.2014.05.010 | C159: M418(s) | D159: 9.5 | E159: 1100 | F159: Sediment–peridotite | G159: Peridotitic | H159: 42.805 | I159: 0.283 | J159: 20.91 | K159: 0.88 | L159: 9.735 | M159: 0.1665 | N159: 20.46 | O159: 3.035 | P159: 0.442 | R159: =SUM(H159:Q159) -> 98.7165 | S159: 12 | T159: =S159/(H159*'Molecular Weight'!$C$2/'Molecular Weight'!$D$2+I159*'Molecular Weight'!$C$3/'Molecular Weight'!$D$3+J159*'Molecular Weight'!$C$4/'Molecular Weight'!$D$4+K159*'Molecular Weight'!$C$5/'Molecular Weight'!$D$5+L159*'Molecular Weight'!$C$6/'Molecular Weight'!$D$6+M159*'Molecular Weight'!$C$8/'Molecular Weight'!$D$8+N159*'Molecular Weight'!$C$9/'Molecular Weight'!$D$9+O159*'Molecular Weight'!$C$10/'Molecular Weight'!$D$10+P159*'Molecular Weight'!$C$11/'Molecular Weight'!$D$11+Q159*'Molecular Weight'!$C$12/'Molecular Weight'!$D$12) -> 4.3298988 | U159: =H159*T159*'Molecular Weight'!$B$2/'Molecular Weight'!$D$2 -> 3.0849087 | V159: =I159*T159*'Molecular Weight'!$B$3/'Molecular Weight'!$D$3 -> 0.015336187 | W159: =T159*J159*'Molecular Weight'!$B$4/'Molecular Weight'!$D$4 -> 1.7759549 | X159: =K159*T159*'Molecular Weight'!$B$5/'Molecular Weight'!$D$5 -> 0.050138968 | Y159: =L159*T159*'Molecular Weight'!$B$6/'Molecular Weight'!$D$6 -> 0.58674227 | Z159: =M159*T159*'Molecular Weight'!$B$8/'Molecular Weight'!$D$8 -> 0.010162506 | AA159: =N159*T159*'Molecular Weight'!$B$9/'Molecular Weight'!$D$9 -> 2.1982563 | AB159: =O159*T159*'Molecular Weight'!$B$10/'Molecular Weight'!$D$10 -> 0.23433029 | AC159: =P159*T159*'Molecular Weight'!$B$11/'Molecular Weight'!$D$11 -> 0.061755897 | AD159: =Q159*T159*'Molecular Weight'!$B$12/'Molecular Weight'!$D$12 -> 0 | AE159: =SUM(U159:AD159) -> 8.0175861 | AF159: =IF(IF(2*12*(1-8/AE159)<0,0,2*12*(1-8/AE159))<Y159,IF(2*12*(1-8/AE159)<0,0,2*12*(1-8/AE159)),Y159) -> 0.052642513 | AG159: =AF159/Y159 -> 0.089719995 | AH159: =Y159-AF159 -> 0.53409975 | AI159: =SUM(U159,V159) -> 3.1002449 | AJ159: =SUM(AA159,AB159,Z159,Y159) -> 3.0294914
A160: Bualtov et al. 2014 | B160: 10.1016/j.lithos.2014.05.010 | C160: M388(p) | D160: 12 | E160: 1000 | F160: Sediment–peridotite | G160: Peridotitic | H160: 42.423333 | I160: 0.066916667 | J160: 18.245833 | K160: 6.8883333 | L160: 6.1675 | M160: 0.30158333 | N160: 21.318333 | O160: 4.8133333 | P160: 0.032833333 | R160: =SUM(H160:Q160) -> 100.258 | S160: 12 | T160: =S160/(H160*'Molecular Weight'!$C$2/'Molecular Weight'!$D$2+I160*'Molecular Weight'!$C$3/'Molecular Weight'!$D$3+J160*'Molecular Weight'!$C$4/'Molecular Weight'!$D$4+K160*'Molecular Weight'!$C$5/'Molecular Weight'!$D$5+L160*'Molecular Weight'!$C$6/'Molecular Weight'!$D$6+M160*'Molecular Weight'!$C$8/'Molecular Weight'!$D$8+N160*'Molecular Weight'!$C$9/'Molecular Weight'!$D$9+O160*'Molecular Weight'!$C$10/'Molecular Weight'!$D$10+P160*'Molecular Weight'!$C$11/'Molecular Weight'!$D$11+Q160*'Molecular Weight'!$C$12/'Molecular Weight'!$D$12) -> 4.2977312 | U160: =H160*T160*'Molecular Weight'!$B$2/'Molecular Weight'!$D$2 -> 3.0346885 | V160: =I160*T160*'Molecular Weight'!$B$3/'Molecular Weight'!$D$3 -> 0.0035993723 | W160: =T160*J160*'Molecular Weight'!$B$4/'Molecular Weight'!$D$4 -> 1.5381657 | X160: =K160*T160*'Molecular Weight'!$B$5/'Molecular Weight'!$D$5 -> 0.38955465 | Y160: =L160*T160*'Molecular Weight'!$B$6/'Molecular Weight'!$D$6 -> 0.36896238 | Z160: =M160*T160*'Molecular Weight'!$B$8/'Molecular Weight'!$D$8 -> 0.018270709 | AA160: =N160*T160*'Molecular Weight'!$B$9/'Molecular Weight'!$D$9 -> 2.2734607 | AB160: =O160*T160*'Molecular Weight'!$B$10/'Molecular Weight'!$D$10 -> 0.36887327 | AC160: =P160*T160*'Molecular Weight'!$B$11/'Molecular Weight'!$D$11 -> 0.004553367 | AD160: =Q160*T160*'Molecular Weight'!$B$12/'Molecular Weight'!$D$12 -> 0 | AE160: =SUM(U160:AD160) -> 8.0001286 | AF160: =IF(IF(2*12*(1-8/AE160)<0,0,2*12*(1-8/AE160))<Y160,IF(2*12*(1-8/AE160)<0,0,2*12*(1-8/AE160)),Y160) -> 0.00038594137 | AG160: =AF160/Y160 -> 0.0010460182 | AH160: =Y160-AF160 -> 0.36857644 | AI160: =SUM(U160,V160) -> 3.0382879 | AJ160: =SUM(AA160,AB160,Z160,Y160) -> 3.0295671
A161: Bualtov et al. 2014 | B161: 10.1016/j.lithos.2014.05.010 | C161: M388(t) | D161: 12 | E161: 1000 | F161: Sediment–peridotite | G161: Peridotitic | H161: 43.086667 | I161: 0.56283333 | J161: 20.355 | K161: 0.46466667 | L161: 10.246667 | M161: 0.15033333 | N161: 17.618333 | O161: 5.73 | P161: 0.76583333 | Q161: 0.0225 | R161: =SUM(H161:Q161) -> 99.002833 | S161: 12 | T161: =S161/(H161*'Molecular Weight'!$C$2/'Molecular Weight'!$D$2+I161*'Molecular Weight'!$C$3/'Molecular Weight'!$D$3+J161*'Molecular Weight'!$C$4/'Molecular Weight'!$D$4+K161*'Molecular Weight'!$C$5/'Molecular Weight'!$D$5+L161*'Molecular Weight'!$C$6/'Molecular Weight'!$D$6+M161*'Molecular Weight'!$C$8/'Molecular Weight'!$D$8+N161*'Molecular Weight'!$C$9/'Molecular Weight'!$D$9+O161*'Molecular Weight'!$C$10/'Molecular Weight'!$D$10+P161*'Molecular Weight'!$C$11/'Molecular Weight'!$D$11+Q161*'Molecular Weight'!$C$12/'Molecular Weight'!$D$12) -> 4.3585929 | U161: =H161*T161*'Molecular Weight'!$B$2/'Molecular Weight'!$D$2 -> 3.1257863 | V161: =I161*T161*'Molecular Weight'!$B$3/'Molecular Weight'!$D$3 -> 0.030702896 | W161: =T161*J161*'Molecular Weight'!$B$4/'Molecular Weight'!$D$4 -> 1.7402738 | X161: =K161*T161*'Molecular Weight'!$B$5/'Molecular Weight'!$D$5 -> 0.026650343 | Y161: =L161*T161*'Molecular Weight'!$B$6/'Molecular Weight'!$D$6 -> 0.62167384 | Z161: =M161*T161*'Molecular Weight'!$B$8/'Molecular Weight'!$D$8 -> 0.0092365632 | AA161: =N161*T161*'Molecular Weight'!$B$9/'Molecular Weight'!$D$9 -> 1.9054874 | AB161: =O161*T161*'Molecular Weight'!$B$10/'Molecular Weight'!$D$10 -> 0.44534125 | AC161: =P161*T161*'Molecular Weight'!$B$11/'Molecular Weight'!$D$11 -> 0.10771074 | AD161: =Q161*T161*'Molecular Weight'!$B$12/'Molecular Weight'!$D$12 -> 0.0020821304 | AE161: =SUM(U161:AD161) -> 8.0149452 | AF161: =IF(IF(2*12*(1-8/AE161)<0,0,2*12*(1-8/AE161))<Y161,IF(2*12*(1-8/AE161)<0,0,2*12*(1-8/AE161)),Y161) -> 0.044752021 | AG161: =AF161/Y161 -> 0.071986334 | AH161: =Y161-AF161 -> 0.57692182 | AI161: =SUM(U161,V161) -> 3.1564892 | AJ161: =SUM(AA161,AB161,Z161,Y161) -> 2.981739
A162: Bualtov et al. 2014 | B162: 10.1016/j.lithos.2014.05.010 | C162: M388(s) | D162: 12 | E162: 1000 | F162: Sediment–peridotite | G162: Peridotitic | H162: 42.871667 | I162: 0.55816667 | J162: 20.476667 | K162: 0.3165 | L162: 10.303333 | M162: 0.1555 | N162: 17.17 | O162: 6.1433333 | P162: 0.7485 | R162: =SUM(H162:Q162) -> 98.743667 | S162: 12 | T162: =S162/(H162*'Molecular Weight'!$C$2/'Molecular Weight'!$D$2+I162*'Molecular Weight'!$C$3/'Molecular Weight'!$D$3+J162*'Molecular Weight'!$C$4/'Molecular Weight'!$D$4+K162*'Molecular Weight'!$C$5/'Molecular Weight'!$D$5+L162*'Molecular Weight'!$C$6/'Molecular Weight'!$D$6+M162*'Molecular Weight'!$C$8/'Molecular Weight'!$D$8+N162*'Molecular Weight'!$C$9/'Molecular Weight'!$D$9+O162*'Molecular Weight'!$C$10/'Molecular Weight'!$D$10+P162*'Molecular Weight'!$C$11/'Molecular Weight'!$D$11+Q162*'Molecular Weight'!$C$12/'Molecular Weight'!$D$12) -> 4.3745295 | U162: =H162*T162*'Molecular Weight'!$B$2/'Molecular Weight'!$D$2 -> 3.1215608 | V162: =I162*T162*'Molecular Weight'!$B$3/'Molecular Weight'!$D$3 -> 0.030559657 | W162: =T162*J162*'Molecular Weight'!$B$4/'Molecular Weight'!$D$4 -> 1.757077 | X162: =K162*T162*'Molecular Weight'!$B$5/'Molecular Weight'!$D$5 -> 0.018218812 | Y162: =L162*T162*'Molecular Weight'!$B$6/'Molecular Weight'!$D$6 -> 0.6273975 | Z162: =M162*T162*'Molecular Weight'!$B$8/'Molecular Weight'!$D$8 -> 0.0095889392 | AA162: =N162*T162*'Molecular Weight'!$B$9/'Molecular Weight'!$D$9 -> 1.8637884 | AB162: =O162*T162*'Molecular Weight'!$B$10/'Molecular Weight'!$D$10 -> 0.47921172 | AC162: =P162*T162*'Molecular Weight'!$B$11/'Molecular Weight'!$D$11 -> 0.1056578 | AD162: =Q162*T162*'Molecular Weight'!$B$12/'Molecular Weight'!$D$12 -> 0 | AE162: =SUM(U162:AD162) -> 8.0130606 | AF162: =IF(IF(2*12*(1-8/AE162)<0,0,2*12*(1-8/AE162))<Y162,IF(2*12*(1-8/AE162)<0,0,2*12*(1-8/AE162)),Y162) -> 0.039117844 | AG162: =AF162/Y162 -> 0.062349378 | AH162: =Y162-AF162 -> 0.58827965 | AI162: =SUM(U162,V162) -> 3.1521204 | AJ162: =SUM(AA162,AB162,Z162,Y162) -> 2.9799865
A163: Bualtov et al. 2014 | B163: 10.1016/j.lithos.2014.05.010 | C163: M386(p) | D163: 12 | E163: 1100 | F163: Sediment–peridotite | G163: Peridotitic | H163: 42.426 | I163: 0.0726 | J163: 18.286 | K163: 6.814 | L163: 6.18 | M163: 0.306 | N163: 21.29 | O163: 4.864 | P163: 0.0434 | Q163: 0.0184 | R163: =SUM(H163:Q163) -> 100.3004 | S163: 12 | T163: =S163/(H163*'Molecular Weight'!$C$2/'Molecular Weight'!$D$2+I163*'Molecular Weight'!$C$3/'Molecular Weight'!$D$3+J163*'Molecular Weight'!$C$4/'Molecular Weight'!$D$4+K163*'Molecular Weight'!$C$5/'Molecular Weight'!$D$5+L163*'Molecular Weight'!$C$6/'Molecular Weight'!$D$6+M163*'Molecular Weight'!$C$8/'Molecular Weight'!$D$8+N163*'Molecular Weight'!$C$9/'Molecular Weight'!$D$9+O163*'Molecular Weight'!$C$10/'Molecular Weight'!$D$10+P163*'Molecular Weight'!$C$11/'Molecular Weight'!$D$11+Q163*'Molecular Weight'!$C$12/'Molecular Weight'!$D$12) -> 4.29658 | U163: =H163*T163*'Molecular Weight'!$B$2/'Molecular Weight'!$D$2 -> 3.0340663 | V163: =I163*T163*'Molecular Weight'!$B$3/'Molecular Weight'!$D$3 -> 0.0039040264 | W163: =T163*J163*'Molecular Weight'!$B$4/'Molecular Weight'!$D$4 -> 1.5411389 | X163: =K163*T163*'Molecular Weight'!$B$5/'Molecular Weight'!$D$5 -> 0.38524766 | Y163: =L163*T163*'Molecular Weight'!$B$6/'Molecular Weight'!$D$6 -> 0.36961114 | Z163: =M163*T163*'Molecular Weight'!$B$8/'Molecular Weight'!$D$8 -> 0.018533317 | AA163: =N163*T163*'Molecular Weight'!$B$9/'Molecular Weight'!$D$9 -> 2.269831 | AB163: =O163*T163*'Molecular Weight'!$B$10/'Molecular Weight'!$D$10 -> 0.37265629 | AC163: =P163*T163*'Molecular Weight'!$B$11/'Molecular Weight'!$D$11 -> 0.006017153 | AD163: =Q163*T163*'Molecular Weight'!$B$12/'Molecular Weight'!$D$12 -> 0.0016784941 | AE163: =SUM(U163:AD163) -> 8.0026842 | AF163: =IF(IF(2*12*(1-8/AE163)<0,0,2*12*(1-8/AE163))<Y163,IF(2*12*(1-8/AE163)<0,0,2*12*(1-8/AE163)),Y163) -> 0.008049998 | AG163: =AF163/Y163 -> 0.021779641 | AH163: =Y163-AF163 -> 0.36156114 | AI163: =SUM(U163,V163) -> 3.0379703 | AJ163: =SUM(AA163,AB163,Z163,Y163) -> 3.0306317
A164: Bualtov et al. 2014 | B164: 10.1016/j.lithos.2014.05.010 | C164: M386(p) | D164: 12 | E164: 1100 | F164: Sediment–peridotite | G164: Peridotitic | H164: 44.829167 | I164: 0.41691667 | J164: 17.939167 | K164: 2.0676667 | L164: 8.0733333 | M164: 0.17308333 | N164: 21.171667 | O164: 4.0358333 | P164: 0.74033333 | Q164: 0.041 | R164: =SUM(H164:Q164) -> 99.488167 | S164: 12 | T164: =S164/(H164*'Molecular Weight'!$C$2/'Molecular Weight'!$D$2+I164*'Molecular Weight'!$C$3/'Molecular Weight'!$D$3+J164*'Molecular Weight'!$C$4/'Molecular Weight'!$D$4+K164*'Molecular Weight'!$C$5/'Molecular Weight'!$D$5+L164*'Molecular Weight'!$C$6/'Molecular Weight'!$D$6+M164*'Molecular Weight'!$C$8/'Molecular Weight'!$D$8+N164*'Molecular Weight'!$C$9/'Molecular Weight'!$D$9+O164*'Molecular Weight'!$C$10/'Molecular Weight'!$D$10+P164*'Molecular Weight'!$C$11/'Molecular Weight'!$D$11+Q164*'Molecular Weight'!$C$12/'Molecular Weight'!$D$12) -> 4.2919843 | U164: =H164*T164*'Molecular Weight'!$B$2/'Molecular Weight'!$D$2 -> 3.202498 | V164: =I164*T164*'Molecular Weight'!$B$3/'Molecular Weight'!$D$3 -> 0.022395492 | W164: =T164*J164*'Molecular Weight'!$B$4/'Molecular Weight'!$D$4 -> 1.5102907 | X164: =K164*T164*'Molecular Weight'!$B$5/'Molecular Weight'!$D$5 -> 0.11677601 | Y164: =L164*T164*'Molecular Weight'!$B$6/'Molecular Weight'!$D$6 -> 0.48233046 | Z164: =M164*T164*'Molecular Weight'!$B$8/'Molecular Weight'!$D$8 -> 0.010471821 | AA164: =N164*T164*'Molecular Weight'!$B$9/'Molecular Weight'!$D$9 -> 2.2548005 | AB164: =O164*T164*'Molecular Weight'!$B$10/'Molecular Weight'!$D$10 -> 0.30887542 | AC164: =P164*T164*'Molecular Weight'!$B$11/'Molecular Weight'!$D$11 -> 0.10253305 | AD164: =Q164*T164*'Molecular Weight'!$B$12/'Molecular Weight'!$D$12 -> 0.0037361223 | AE164: =SUM(U164:AD164) -> 8.0147077 | AF164: =IF(IF(2*12*(1-8/AE164)<0,0,2*12*(1-8/AE164))<Y164,IF(2*12*(1-8/AE164)<0,0,2*12*(1-8/AE164)),Y164) -> 0.044042089 | AG164: =AF164/Y164 -> 0.091311025 | AH164: =Y164-AF164 -> 0.43828837 | AI164: =SUM(U164,V164) -> 3.2248935 | AJ164: =SUM(AA164,AB164,Z164,Y164) -> 3.0564782
A165: Bualtov et al. 2014 | B165: 10.1016/j.lithos.2014.05.010 | C165: M386(t) | D165: 12 | E165: 1100 | F165: Sediment–peridotite | G165: Peridotitic | H165: 43.346667 | I165: 0.47755556 | J165: 19.943333 | K165: 0.81322222 | L165: 9.2677778 | M165: 0.15144444 | N165: 18.445556 | O165: 5.8666667 | P165: 0.76733333 | Q165: 0.015 | R165: =SUM(H165:Q165) -> 99.094556 | S165: 12 | T165: =S165/(H165*'Molecular Weight'!$C$2/'Molecular Weight'!$D$2+I165*'Molecular Weight'!$C$3/'Molecular Weight'!$D$3+J165*'Molecular Weight'!$C$4/'Molecular Weight'!$D$4+K165*'Molecular Weight'!$C$5/'Molecular Weight'!$D$5+L165*'Molecular Weight'!$C$6/'Molecular Weight'!$D$6+M165*'Molecular Weight'!$C$8/'Molecular Weight'!$D$8+N165*'Molecular Weight'!$C$9/'Molecular Weight'!$D$9+O165*'Molecular Weight'!$C$10/'Molecular Weight'!$D$10+P165*'Molecular Weight'!$C$11/'Molecular Weight'!$D$11+Q165*'Molecular Weight'!$C$12/'Molecular Weight'!$D$12) -> 4.3418988 | U165: =H165*T165*'Molecular Weight'!$B$2/'Molecular Weight'!$D$2 -> 3.1326039 | V165: =I165*T165*'Molecular Weight'!$B$3/'Molecular Weight'!$D$3 -> 0.025951163 | W165: =T165*J165*'Molecular Weight'!$B$4/'Molecular Weight'!$D$4 -> 1.6985472 | X165: =K165*T165*'Molecular Weight'!$B$5/'Molecular Weight'!$D$5 -> 0.046462644 | Y165: =L165*T165*'Molecular Weight'!$B$6/'Molecular Weight'!$D$6 -> 0.5601302 | Z165: =M165*T165*'Molecular Weight'!$B$8/'Molecular Weight'!$D$8 -> 0.0092691916 | AA165: =N165*T165*'Molecular Weight'!$B$9/'Molecular Weight'!$D$9 -> 1.9873135 | AB165: =O165*T165*'Molecular Weight'!$B$10/'Molecular Weight'!$D$10 -> 0.45421671 | AC165: =P165*T165*'Molecular Weight'!$B$11/'Molecular Weight'!$D$11 -> 0.10750835 | AD165: =Q165*T165*'Molecular Weight'!$B$12/'Molecular Weight'!$D$12 -> 0.0013827703 | AE165: =SUM(U165:AD165) -> 8.0233856 | AF165: =IF(IF(2*12*(1-8/AE165)<0,0,2*12*(1-8/AE165))<Y165,IF(2*12*(1-8/AE165)<0,0,2*12*(1-8/AE165)),Y165) -> 0.069952357 | AG165: =AF165/Y165 -> 0.12488589 | AH165: =Y165-AF165 -> 0.49017784 | AI165: =SUM(U165,V165) -> 3.158555 | AJ165: =SUM(AA165,AB165,Z165,Y165) -> 3.0109296
...

Sheet P-T-fO2 dataset
A1: Ref | B1: Doi | C1: Sample | D1: P GPa | E1: T oC | F1: Abs_logfO2 | G1: IW | H1: NNO | I1: FMQ | J1: HM | K1: dNNO | L1: dFMQ | M1: dIW | N1: Oxybarometer | O1: Buffer | P1: Note for buffer | Q1: Reported Abs fO2 | R1: Reported IW | S1: Reported dIW | T1: Reported NNO | U1: Reported dNNO | V1: Reported FMQ | W1: Reported dFMQ | X1: Reported ReReO | Y1: Reported dReReO | Z1: Note | AA1: Type | AB1: Label | AC1: SiO2 | AD1: TiO2 | AE1: Al2O3 | AF1: Cr2O3 | AG1: FeO | AH1: MnO | AI1: MgO | AJ1: CaO | AK1: Na2O | AL1: K2O | AM1: Total | AN1: Oxygen | AO1: Coefficient | AP1: Si | AQ1: Ti | AR1: Al | AS1: Cr | AT1: Fe | AU1: Mn | AV1: Mg | AW1: Ca | AX1: Na | AY1: K | AZ1: Total | BA1: Fe3+ Droop | BB1: Fe3+/Fetot Droop | BC1: Fe2+ | BD1: Si+Ti | BE1: Ca+Mg+Fe+Mn（all Fe as Fe2+）
A2: AackeRson 2017 | B2: 10.2138/am-2017-5632 | C2: 10-GLOSS | D2: 1.5 | E2: 800 | F2: -13.42851 | G2: =IF(D2<=(-18.64+0.04359*(E2+273.15)-0.000005069*(E2+273.15)^2),(6.844864+0.1175691*D2+0.001143873*D2^2)+(0.0005791364-0.0002891434*D2-0.0000002737171*D2^2)*(E2+273.15)+(-0.00007971469+0.00003198005*D2+0.0000000001059554*D2^3+0.0000002014461*SQRT(D2))*(E2+273.15)*LN(E2+273.15)+(-27690.02+528.5977*D2-2.919275*D2^2)/(E2+273.15),(8.463095-0.003000307*D2+0.00007213445*D2^2)+(0.001148738-0.00009352312*D2+0.0000005161592*D2^2)*(E2+273.15)+(-0.0007448624-0.000006329325*D2-0.0000000001407339*D2^3+0.0001830014*SQRT(D2))*(E2+273.15)*LN(E2+273.15)+(-27820.82+528.5977*D2-0.8473231*D2^2)/(E2+273.15)) -> -18.126524 | H2: =(8.699+0.01642*D2-0.0002755*D2^2+0.000002683*D2^3-0.00000001015*D2^4)+((-24205+444.73*D2-0.593*D2^2+0.0015*D2^3)/(E2+273.15)) -> -13.211691 | I2: =(-587474+1584.427*(E2+273)-203.3164*LN(E2+273)*(E2+273)+0.09271*(E2+273)*(E2+273)+1810*(D2*10))/(8.3144*(E2+273)*LN(10)) -> -13.42851 | J2: =14.26-24949/(273+E2)+200*D2/(273+E2)-0.05*D2 -> -8.787041 | K2: =F2-H2 -> -0.21681907 | L2: =F2-I2 -> -3.7303494e-14 | M2: =F2-G2 -> 4.6980135 | N2: None | O2: FMQ buffer | P2: Double capsule | AA2: Sediment | AB2: Basaltic | AC2: 36.43 | AD2: 1.56 | AE2: 19.07 | AG2: 27.68 | AH2: 1.36 | AI2: 1.92 | AJ2: 11.77 | AM2: =SUM(AC2:AL2) -> 99.79 | AN2: 12 | AO2: =AN2/(AC2*'Molecular Weight'!$C$2/'Molecular Weight'!$D$2+AD2*'Molecular Weight'!$C$3/'Molecular Weight'!$D$3+AE2*'Molecular Weight'!$C$4/'Molecular Weight'!$D$4+AF2*'Molecular Weight'!$C$5/'Molecular Weight'!$D$5+AG2*'Molecular Weight'!$C$6/'Molecular Weight'!$D$6+AH2*'Molecular Weight'!$C$8/'Molecular Weight'!$D$8+AI2*'Molecular Weight'!$C$9/'Molecular Weight'!$D$9+AJ2*'Molecular Weight'!$C$10/'Molecular Weight'!$D$10+AK2*'Molecular Weight'!$C$11/'Molecular Weight'!$D$11+AL2*'Molecular Weight'!$C$12/'Molecular Weight'!$D$12) -> 4.8487575 | AP2: =AC2*AO2*'Molecular Weight'!$B$2/'Molecular Weight'!$D$2 -> 2.9400838 | AQ2: =AD2*AO2*'Molecular Weight'!$B$3/'Molecular Weight'!$D$3 -> 0.094669108 | AR2: =AO2*AE2*'Molecular Weight'!$B$4/'Molecular Weight'!$D$4 -> 1.8137663 | AS2: =AF2*AO2*'Molecular Weight'!$B$5/'Molecular Weight'!$D$5 -> 0 | AT2: =AG2*AO2*'Molecular Weight'!$B$6/'Molecular Weight'!$D$6 -> 1.8682295 | AU2: =AH2*AO2*'Molecular Weight'!$B$8/'Molecular Weight'!$D$8 -> 0.092956164 | AV2: =AI2*AO2*'Molecular Weight'!$B$9/'Molecular Weight'!$D$9 -> 0.2310078 | AW2: =AJ2*AO2*'Molecular Weight'!$B$10/'Molecular Weight'!$D$10 -> 1.0176511 | AX2: =AK2*AO2*'Molecular Weight'!$B$11/'Molecular Weight'!$D$11 -> 0 | AY2: =AL2*AO2*'Molecular Weight'!$B$12/'Molecular Weight'!$D$12 -> 0 | AZ2: =SUM(AP2:AY2) -> 8.0583639 | BA2: =IF(IF(2*12*(1-8/AZ2)<0,0,2*12*(1-8/AZ2))<AT2,IF(2*12*(1-8/AZ2)<0,0,2*12*(1-8/AZ2)),AT2) -> 0.17382356 | BB2: =BA2/AT2 -> 0.093041863 | BC2: =AT2-BA2 -> 1.694406 | BD2: =SUM(AP2,AQ2) -> 3.034753 | BE2: =SUM(AV2,AW2,AU2,AT2) -> 3.2098446
